楽曲名,難易度,楽曲レベル,クリアランク,スコアグレード,ハイスコア,EXスコア,プレー回数,クリア回数,ULTIMATE CHAIN,PERFECT
Corrupting Wonderland,MAXIMUM,18,COMPLETE,S,9986579,7351,1,1,0,0
Decadence Mission,MAXIMUM,18,ULTIMATE CHAIN,S,9994609,6004,1,1,1,0
フリコドウル,MAXIMUM,18,ULTIMATE CHAIN,S,9998318,7917,8,8,1,0
十の試煉,MAXIMUM,19,COMPLETE,S,9911723,8584,1,1,0,0
Xb10r,EXHAUST,17,PLAYED,S,9971550,6316,1,0,0,0
Xb10r,MAXIMUM,19,EXCESSIVE COMPLETE,S,9908466,8230,8,6,0,0
火狐之舞,MAXIMUM,18,EXCESSIVE COMPLETE,S,9964093,7337,5,4,0,0
EncorE & cALL,MAXIMUM,19,EXCESSIVE COMPLETE,S,9918317,8791,8,5,0,0
Wings to fly high,MAXIMUM,18,PLAYED,S,9946257,7287,1,0,0,0
AIM HIGHER,MAXIMUM,18,PLAYED,AAA+,9894514,5810,1,0,0,0
All for One,MAXIMUM,18,PLAYED,AAA+,9859511,6670,1,0,0,0
AμreoLe ~for Triumph~,EXHAUST,17,PLAYED,S,9951289,5405,1,0,0,0
AμreoLe ~for Triumph~,MAXIMUM,19,EXCESSIVE COMPLETE,S,9973333,7305,5,4,0,0
XHRONOXAPSULΞ,EXHAUST,18,ULTIMATE CHAIN,S,9992207,6138,5,4,1,0
XHRONOXAPSULΞ,MAXIMUM,20,EXCESSIVE COMPLETE,AAA+,9864406,7094,12,9,0,0
ZEUS,EXHAUST,17,PLAYED,S,9955615,6721,1,0,0,0
ZEUS,MAXIMUM,19,EXCESSIVE COMPLETE,S,9947502,9475,14,13,0,0
ピアノ協奏曲第１番”蠍火”,MAXIMUM,19,EXCESSIVE COMPLETE,AAA+,9803476,6276,5,5,0,0
ゔぉるみっくす!!!!,MAXIMUM,18,COMPLETE,S,9988179,6403,2,2,0,0
Perfect Ultimate Celebration!!,MAXIMUM,18,COMPLETE,S,9919213,6972,1,1,0,0
Unleashed Redness,MAXIMUM,18,COMPLETE,S,9982825,6809,6,6,0,0
Rapsodia d'amore,MAXIMUM,19,COMPLETE,S,9902206,7402,2,2,0,0
～仔羊のナヴァラン・クリシェを添えて～,MAXIMUM,18,COMPLETE,S,9924146,7038,1,1,0,0
藍の華,MAXIMUM,18,COMPLETE,S,9994979,8784,4,4,0,0
Going My Future!,MAXIMUM,18,COMPLETE,S,9946808,5971,1,1,0,0
竹,EXHAUST,17,ULTIMATE CHAIN,S,9970039,5185,1,1,1,0
竹,MAXIMUM,19,COMPLETE,S,9928673,7263,5,5,0,0
《Re:miniscence》,EXHAUST,18,COMPLETE,S,9973455,7147,6,6,0,0
《Re:miniscence》,MAXIMUM,20,EXCESSIVE COMPLETE,AAA,9793052,8612,19,18,0,0
The Clown of 24stairs,MAXIMUM,19,EXCESSIVE COMPLETE,S,9914190,7575,17,17,0,0
まみむめ🍄まるっと🍄まっしゅるーむ🍄🍄,MAXIMUM,18,COMPLETE,S,9980147,5893,1,1,0,0
Empty Backdoor,MAXIMUM,17,COMPLETE,S,9980303,4857,1,1,0,0
限界突破リザレクション,MAXIMUM,18,COMPLETE,S,9985131,6586,5,4,0,0
Reverenced Flower,MAXIMUM,19,COMPLETE,S,9916230,9101,1,1,0,0
charm♡you,MAXIMUM,17,PERFECT,S,10000000,5109,3,3,1,2
ユメブキ,EXHAUST,16,COMPLETE,S,9956463,4194,1,1,0,0
ユメブキ,MAXIMUM,18,ULTIMATE CHAIN,S,9997487,5575,10,9,2,0
BAYONEX,MAXIMUM,19,EXCESSIVE COMPLETE,S,9985308,7705,29,29,0,0
αzalea,MAXIMUM,19,ULTIMATE CHAIN,S,9985778,7889,3,3,1,0
Pure Ruby,MAXIMUM,18,ULTIMATE CHAIN,S,9974874,6985,5,5,1,0
Continuous Moment,MAXIMUM,17,EXCESSIVE COMPLETE,S,9982206,5231,11,11,0,0
Chakra,MAXIMUM,17,ULTIMATE CHAIN,S,9996958,4900,1,1,1,0
Restless Waitress,MAXIMUM,18,COMPLETE,S,9990468,6906,3,3,0,0
G4ME ØVEЯ,MAXIMUM,18,ULTIMATE CHAIN,S,9995242,6734,5,5,1,0
ドゥサンコオデッセイ!!,EXHAUST,17,COMPLETE,S,9980494,0,1,1,0,0
ドゥサンコオデッセイ!!,MAXIMUM,19,EXCESSIVE COMPLETE,S,9917458,0,8,8,0,0
2094,MAXIMUM,17,ULTIMATE CHAIN,S,9994182,5429,3,2,1,0
Cappuccino Hearts,MAXIMUM,18,ULTIMATE CHAIN,S,9985268,5772,1,1,1,0
くらべられっ子,MAXIMUM,16,PERFECT,S,10000000,6318,7,7,3,1
Xymatic Scope,MAXIMUM,17,COMPLETE,S,9956011,5030,1,1,0,0
泥の分際で私だけの大切を奪おうだなんて,MAXIMUM,17,PERFECT,S,10000000,6060,22,22,5,5
ナミカレ,MAXIMUM,18,ULTIMATE CHAIN,S,9990719,6627,5,5,2,0
EGOISM 440 (Ange;art remix),MAXIMUM,18,EXCESSIVE COMPLETE,S,9982363,6216,5,4,0,0
Gimme dreamin',VIVID,17,COMPLETE,S,9983644,5502,1,1,0,0
孤月群雲に沈む,VIVID,17,PERFECT,S,10000000,5463,4,2,0,1
€omet popcorn,VIVID,18,EXCESSIVE COMPLETE,S,9990548,0,2,2,0,0
PSYCHO+HEROES,VIVID,18,PERFECT,S,10000000,0,15,14,2,1
Screaming!!,VIVID,17,EXCESSIVE COMPLETE,S,9975259,0,1,1,0,0
Devastated Territory,VIVID,17,EXCESSIVE COMPLETE,S,9926590,0,1,1,0,0
Hurt me plenty,VIVID,18,ULTIMATE CHAIN,S,9986551,0,2,2,1,0
ばらんが!!!!,MAXIMUM,18,EXCESSIVE COMPLETE,S,9991438,5443,15,15,0,0
Help me， ERINNNNNN!! #幻想郷ホロイズムver.,NOVICE,5,PERFECT,S,10000000,0,1,1,0,1
Help me， ERINNNNNN!! #幻想郷ホロイズムver.,ADVANCED,12,PERFECT,S,10000000,0,1,1,0,1
Help me， ERINNNNNN!! #幻想郷ホロイズムver.,EXHAUST,15,PERFECT,S,10000000,0,1,1,0,1
Help me， ERINNNNNN!! #幻想郷ホロイズムver.,MAXIMUM,17,PERFECT,S,10000000,7603,4,4,1,1
ホイホイ☆幻想ホロイズム,MAXIMUM,18,PERFECT,S,10000000,6833,26,26,4,4
Your SOUL Is Mine,VIVID,18,PERFECT,S,10000000,5684,9,9,2,1
FEEL THE FORCE,MAXIMUM,18,EXCESSIVE COMPLETE,S,9986492,0,4,4,0,0
M-O-R-F-I-N-E,MAXIMUM,17,ULTIMATE CHAIN,S,9995784,6053,20,17,1,0
ディスコルディア,MAXIMUM,19,EXCESSIVE COMPLETE,S,9920664,0,12,12,0,0
Verflucht,MAXIMUM,18,EXCESSIVE COMPLETE,S,9978108,0,6,6,0,0
神にした彼女が示す世界線,MAXIMUM,17,EXCESSIVE COMPLETE,S,9981827,5276,1,1,0,0
#Namescapes,MAXIMUM,18,EXCESSIVE COMPLETE,S,9990248,0,8,8,0,0
Macuilxochitl (Latin Jazz Mix),MAXIMUM,18,EXCESSIVE COMPLETE,S,9969059,6485,8,8,0,0
恋愛♡悪戯！？まじかる☆ぱふゅ～む！！,EXHAUST,16,PERFECT,S,10000000,0,1,1,0,1
恋愛♡悪戯！？まじかる☆ぱふゅ～む！！,MAXIMUM,18,PERFECT,S,10000000,0,5,5,0,1
りむむむむむむ,MAXIMUM,18,PERFECT,S,10000000,0,7,7,3,1
Vanishing Eidos,MAXIMUM,18,ULTIMATE CHAIN,S,9985787,6362,8,8,1,0
木洩れ日に咲く,MAXIMUM,17,PERFECT,S,10000000,0,4,4,1,1
SuperMiracleEnsemble,EXHAUST,16,ULTIMATE CHAIN,S,9991624,4789,1,1,1,0
SuperMiracleEnsemble,MAXIMUM,18,EXCESSIVE COMPLETE,S,9974689,6153,17,17,0,0
Metagame Matador,MAXIMUM,18,EXCESSIVE COMPLETE,S,9988986,0,5,5,0,0
Innocent Azure,EXHAUST,16,PERFECT,S,10000000,0,1,1,0,1
Innocent Azure,MAXIMUM,18,PERFECT,S,10000000,0,2,2,1,1
Souhait bleu,EXHAUST,16,PERFECT,S,10000000,0,1,1,0,1
Souhait bleu,MAXIMUM,18,EXCESSIVE COMPLETE,S,9982001,7536,4,4,0,0
Now loading…,MAXIMUM,16,ULTIMATE CHAIN,S,9996072,0,1,1,1,0
Fun walk!!,MAXIMUM,17,EXCESSIVE COMPLETE,S,9974676,0,1,1,0,0
ラヴ♡チャンス!!,MAXIMUM,18,PERFECT,S,10000000,6109,27,25,5,1
Air,MAXIMUM,18,EXCESSIVE COMPLETE,S,9979649,0,2,2,0,0
EMERALDAS (Yuta Imai Remix),MAXIMUM,18,EXCESSIVE COMPLETE,S,9994103,6834,5,5,0,0
#EmoCloche,MAXIMUM,18,EXCESSIVE COMPLETE,S,9988447,6279,4,4,0,0
オルターエゴ,MAXIMUM,17,PLAYED,S,9954740,0,1,0,0,0
onslaught -Retaliation of Bahamūt-,MAXIMUM,19,EXCESSIVE COMPLETE,S,9934156,0,14,11,0,0
キラメキ居残り大戦争,MAXIMUM,17,PLAYED,S,9930802,0,1,0,0,0
Chronomia,EXHAUST,17,COMPLETE,S,9974084,7874,1,1,0,0
Chronomia,MAXIMUM,19,EXCESSIVE COMPLETE,S,9982801,8813,28,24,0,0
SHION -sublimation mix-,MAXIMUM,17,COMPLETE,S,9985089,5748,2,1,0,0
Scars of FAUNA(ろひ Remix),MAXIMUM,18,ULTIMATE CHAIN,S,9987354,6169,5,5,1,0
777,EXHAUST,17,COMPLETE,S,9923989,8229,1,1,0,0
777,MAXIMUM,19,EXCESSIVE COMPLETE,S,9985009,10099,26,22,0,0
追憶のアリア,MAXIMUM,16,COMPLETE,S,9994391,4862,2,2,0,0
Destr0yer,MAXIMUM,18,ULTIMATE CHAIN,S,9992343,5727,7,6,1,0
Bad Elixir,MAXIMUM,19,EXCESSIVE COMPLETE,S,9935981,8753,13,13,0,0
VALKYRIE ASSAULT,EXHAUST,16,EXCESSIVE COMPLETE,S,9988045,0,1,1,0,0
VALKYRIE ASSAULT,MAXIMUM,19,EXCESSIVE COMPLETE,S,9958847,0,7,7,0,0
緋色月下、狂咲ノ絶 (nayuta 2017 ver),MAXIMUM,18,EXCESSIVE COMPLETE,S,9974629,6223,27,26,0,0
プナイプナイたいそう,MAXIMUM,18,ULTIMATE CHAIN,S,9965277,4228,13,13,1,0
POSSESSION (Aoi Q.E.D. RMX),MAXIMUM,18,ULTIMATE CHAIN,S,9992080,0,5,4,1,0
WARNING×WARNING×WARNING,MAXIMUM,18,PERFECT,S,10000000,6244,17,14,1,1
eternite,MAXIMUM,18,EXCESSIVE COMPLETE,S,9971139,0,2,2,0,0
Thank you for your playing music,EXHAUST,16,COMPLETE,S,9994366,5278,1,1,0,0
Thank you for your playing music,MAXIMUM,18,ULTIMATE CHAIN,S,9997993,7579,20,18,3,0
Symphonic Tear,MAXIMUM,18,COMPLETE,S,9979633,6656,2,2,0,0
Defining Future,MAXIMUM,18,ULTIMATE CHAIN,S,9994559,5513,6,6,2,0
Non RolicK!!大冒険,MAXIMUM,17,PERFECT,S,10000000,6602,18,15,1,1
le coeur patissiere,MAXIMUM,17,EXCESSIVE COMPLETE,S,9984962,0,1,1,0,0
apo:llioth,MAXIMUM,18,PERFECT,S,10000000,0,13,8,2,1
With It This Heaven?,MAXIMUM,18,ULTIMATE CHAIN,S,9985864,7028,6,4,1,0
Calamity Tempest,EXHAUST,17,ULTIMATE CHAIN,S,9958506,0,1,1,1,0
Calamity Tempest,MAXIMUM,19,EXCESSIVE COMPLETE,S,9964977,0,11,8,0,0
Daisycutter,EXHAUST,17,EXCESSIVE COMPLETE,S,9995824,5203,11,9,0,0
Daisycutter,MAXIMUM,19,EXCESSIVE COMPLETE,S,9966617,6026,23,19,0,0
飄える翼追い掛けて,EXHAUST,17,COMPLETE,S,9975990,5068,5,4,0,0
飄える翼追い掛けて,MAXIMUM,19,EXCESSIVE COMPLETE,S,9941616,6772,17,15,0,0
MAYHEM,EXHAUST,18,EXCESSIVE COMPLETE,S,9994788,10211,3,2,0,0
MAYHEM,MAXIMUM,20,EXCESSIVE COMPLETE,S,9972855,13764,18,14,0,0
ΛΛemoria,MAXIMUM,19,EXCESSIVE COMPLETE,S,9918831,7440,10,6,0,0
プログレなぞなぞクイズのテーマ,MAXIMUM,18,EXCESSIVE COMPLETE,S,9981780,0,16,16,0,0
SLEEPWALKER,VIVID,18,EXCESSIVE COMPLETE,S,9971738,0,2,2,0,0
トーキョーサマーナイト,VIVID,16,EXCESSIVE COMPLETE,S,9990026,4716,1,1,0,0
floating girl,VIVID,16,ULTIMATE CHAIN,S,9989864,4318,1,1,1,0
Hexennacht,VIVID,17,PERFECT,S,10000000,4551,16,13,0,1
Holy Legacy,VIVID,17,COMPLETE,S,9974690,5650,1,1,0,0
Ring！Run！Nyan!!,VIVID,18,EXCESSIVE COMPLETE,S,9967350,0,4,4,0,0
Valkyrja ~Aldrlag~,MAXIMUM,18,EXCESSIVE COMPLETE,S,9981028,6505,4,4,0,0
おどりましょうよ！ドラゴンさん ～転生したらゲーム曲でした～,MAXIMUM,17,PERFECT,S,10000000,4915,8,7,2,1
Φnd:you,MAXIMUM,18,COMPLETE,S,9982698,0,2,2,0,0
Blessing Bouquet,MAXIMUM,18,EXCESSIVE COMPLETE,S,9980111,0,5,5,0,0
Innocent,MAXIMUM,18,PERFECT,S,10000000,7741,31,20,0,1
Ethereal Lotus,MAXIMUM,18,PERFECT,S,10000000,0,15,13,1,1
濁色踊るオートマタ,MAXIMUM,17,PERFECT,S,10000000,5668,11,11,2,3
星の詩,MAXIMUM,17,PERFECT,S,10000000,0,7,6,1,1
Lazurite,MAXIMUM,18,PERFECT,S,10000000,0,6,6,0,1
m1dy Deluxe,EXHAUST,16,PLAYED,D,0,0,1,0,0,0
m1dy Deluxe,MAXIMUM,18,PERFECT,S,10000000,7618,10,9,0,1
Lisa-RICCIA,MAXIMUM,19,EXCESSIVE COMPLETE,S,9967894,8547,5,4,0,0
Electric Injury,VIVID,18,ULTIMATE CHAIN,S,9995923,0,4,4,1,0
月々紅花,VIVID,18,EXCESSIVE COMPLETE,S,9991193,0,5,5,0,0
恋するレインガール,VIVID,16,EXCESSIVE COMPLETE,S,9949352,0,1,1,0,0
Sparkling Laser Beam,VIVID,17,COMPLETE,S,9970355,5616,1,1,0,0
遷,VIVID,17,ULTIMATE CHAIN,S,9997217,5561,1,1,1,0
Leviathan,MAXIMUM,18,ULTIMATE CHAIN,S,9988117,0,3,3,1,0
METATRON,MAXIMUM,18,ULTIMATE CHAIN,S,9993147,0,3,3,1,0
VVelcome!!,EXHAUST,18,EXCESSIVE COMPLETE,S,9981432,0,3,2,0,0
VVelcome!!,MAXIMUM,20,EXCESSIVE COMPLETE,AAA+,9884910,8368,51,45,0,0
†:OLPHEUX:†,EXHAUST,17,COMPLETE,S,9985673,5404,1,1,0,0
†:OLPHEUX:†,MAXIMUM,19,EXCESSIVE COMPLETE,S,9969834,6656,21,14,0,0
GEMINI LA2ER,MAXIMUM,18,EXCESSIVE COMPLETE,S,9981718,0,8,6,0,0
春告胡蝶,MAXIMUM,18,EXCESSIVE COMPLETE,S,9971453,0,8,6,0,0
ミュージックプレイヤー,MAXIMUM,18,EXCESSIVE COMPLETE,S,9988294,0,4,3,0,0
LubedeR,EXHAUST,17,ULTIMATE CHAIN,S,9970212,0,2,1,1,0
LubedeR,MAXIMUM,19,ULTIMATE CHAIN,S,9996723,5054,75,44,4,0
Redshift 2nd Ignition,EXHAUST,17,COMPLETE,S,9988489,6113,2,1,0,0
Redshift 2nd Ignition,MAXIMUM,19,EXCESSIVE COMPLETE,S,9925342,0,17,15,0,0
Яe:son D'être,MAXIMUM,18,ULTIMATE CHAIN,S,9981036,0,21,19,6,0
memento mori -intro-,MAXIMUM,18,ULTIMATE CHAIN,S,9981096,6410,7,7,1,0
Xroniàl Xéro,MAXIMUM,19,EXCESSIVE COMPLETE,S,9908315,8169,32,25,0,0
Ichi-Go! DX Pancake!,VIVID,18,ULTIMATE CHAIN,S,9997542,7176,5,5,1,0
おはようからおやすみまでかまってポメポメ,EXHAUST,16,PERFECT,S,10000000,0,2,2,1,1
おはようからおやすみまでかまってポメポメ,VIVID,18,PERFECT,S,10000000,0,9,6,1,1
Dooooope,VIVID,16,COMPLETE,S,9991638,3939,1,1,0,0
DO-IT-AMA-SITE!!!,VIVID,17,EXCESSIVE COMPLETE,S,9983266,4273,2,2,0,0
Flaa Behavior,VIVID,16,COMPLETE,S,9989479,5201,1,1,0,0
floorkiller,VIVID,17,COMPLETE,S,9956101,6448,1,1,0,0
Sparkle Smilin',MAXIMUM,17,COMPLETE,S,9960994,5837,1,1,0,0
Re：Elemental Creation,MAXIMUM,18,PERFECT,S,10000000,7097,8,7,1,1
卑弥呼,MAXIMUM,19,EXCESSIVE COMPLETE,S,9958722,9250,36,33,0,0
ふ・れ・ん・ど・し・た・い（WEREHEREMIX),MAXIMUM,17,COMPLETE,S,9982373,5374,1,1,0,0
御伽噺に幕切れを,MAXIMUM,17,COMPLETE,S,9962462,5292,1,1,0,0
逆さま♥シンデレラパレード,MAXIMUM,17,PERFECT,S,10000000,4151,14,12,4,1
ROOM,MAXIMUM,16,PERFECT,S,10000000,4583,3,3,1,1
Over The Top,VIVID,18,EXCESSIVE COMPLETE,S,9968840,7200,4,4,0,0
トマヨイ,VIVID,18,EXCESSIVE COMPLETE,S,9992183,5747,17,17,0,0
Historia of Velnoti,VIVID,17,ULTIMATE CHAIN,S,9992113,6015,5,5,1,0
夢見草奇譚,VIVID,17,COMPLETE,S,9969696,5988,1,1,0,0
World of Iris,VIVID,18,EXCESSIVE COMPLETE,S,9981432,5505,2,2,0,0
Nebulas,MAXIMUM,18,COMPLETE,S,9918032,6483,1,1,0,0
Our Love,MAXIMUM,18,COMPLETE,S,9982531,6734,1,1,0,0
BLAZE∞BREEZE,MAXIMUM,17,ULTIMATE CHAIN,S,9992466,6254,1,1,1,0
L9,EXHAUST,16,ULTIMATE CHAIN,S,9996069,0,1,1,1,0
L9,MAXIMUM,18,ULTIMATE CHAIN,S,9974912,0,3,3,1,0
Mynarco(Nagomu 2Step Remix),EXHAUST,16,PERFECT,S,10000000,0,1,1,0,1
Mynarco(Nagomu 2Step Remix),MAXIMUM,18,EXCESSIVE COMPLETE,S,9981751,0,3,3,0,0
Still Lonesome,MAXIMUM,17,COMPLETE,S,9954004,4696,1,1,0,0
Bioslaves,MAXIMUM,17,PERFECT,S,10000000,5322,6,6,1,1
Bolérrot,MAXIMUM,18,EXCESSIVE COMPLETE,S,9985286,0,2,2,0,0
MeteorA,MAXIMUM,18,COMPLETE,S,9959626,0,2,2,0,0
色を喪った街,EXHAUST,17,COMPLETE,S,9975742,0,1,1,0,0
色を喪った街,MAXIMUM,19,EXCESSIVE COMPLETE,S,9952316,6796,36,34,0,0
ENDYMION,MAXIMUM,19,EXCESSIVE COMPLETE,S,9974304,7891,35,31,0,0
Katharsis,MAXIMUM,18,EXCESSIVE COMPLETE,S,9961636,6026,7,5,0,0
SAMURAI TIGER,EXHAUST,16,COMPLETE,S,9944102,5331,1,1,0,0
SAMURAI TIGER,MAXIMUM,18,EXCESSIVE COMPLETE,S,9973238,0,12,9,0,0
666,EXHAUST,18,EXCESSIVE COMPLETE,S,9990660,0,7,7,0,0
666,MAXIMUM,20,EXCESSIVE COMPLETE,S,9913245,0,56,38,0,0
ZEИITH,MAXIMUM,18,ULTIMATE CHAIN,S,9982868,0,9,7,1,0
9TH5IN,EXHAUST,17,ULTIMATE CHAIN,S,9995901,7138,1,1,1,0
9TH5IN,MAXIMUM,19,EXCESSIVE COMPLETE,S,9967602,8687,18,16,0,0
ЯeviveR,EXHAUST,17,COMPLETE,S,9978270,7071,1,1,0,0
ЯeviveR,MAXIMUM,19,EXCESSIVE COMPLETE,S,9931314,9853,22,18,0,0
Elemental Creation (kamome sano Remix),MAXIMUM,18,ULTIMATE CHAIN,S,9972924,0,15,15,1,0
ハレ トキドキ メランコリック,NOVICE,3,PERFECT,S,10000000,1105,1,1,0,1
ハレ トキドキ メランコリック,ADVANCED,8,PERFECT,S,10000000,2131,1,1,0,1
ハレ トキドキ メランコリック,EXHAUST,14,PERFECT,S,10000000,3167,2,2,0,2
ハレ トキドキ メランコリック,MAXIMUM,17,PERFECT,S,10000000,5373,20,19,2,7
Finally Dive -kors k Remix-,NOVICE,4,PERFECT,S,10000000,1444,1,1,0,1
Finally Dive -kors k Remix-,ADVANCED,11,PERFECT,S,10000000,2944,1,1,0,1
Finally Dive -kors k Remix-,EXHAUST,14,PERFECT,S,10000000,0,1,1,0,1
Finally Dive -kors k Remix-,MAXIMUM,16,PERFECT,S,10000000,5486,3,3,1,1
ANGER of the GOD,MAXIMUM,19,ULTIMATE CHAIN,S,9991417,8584,21,16,1,0
STYX HELIX（Digi-Rock Remix）,MAXIMUM,17,PERFECT,S,10000000,4399,1,1,0,1
ABSOLUTE (EUROBEAT REMIX),MAXIMUM,17,COMPLETE,S,9982778,6075,1,1,0,0
Valanga(polysha Remix),EXHAUST,16,PERFECT,S,10000000,0,1,1,0,1
Valanga(polysha Remix),MAXIMUM,18,EXCESSIVE COMPLETE,S,9971247,6039,11,11,0,0
SHION (ロースピード幻想チューン Remix),MAXIMUM,16,EXCESSIVE COMPLETE,S,9992598,0,1,1,0,0
Vividly Impromptu,MAXIMUM,18,ULTIMATE CHAIN,S,9975503,0,10,10,1,0
祭囃子,MAXIMUM,17,PERFECT,S,10000000,5269,8,8,2,2
ULTRA B+K,MAXIMUM,17,ULTIMATE CHAIN,S,9992957,0,4,4,1,0
MilK,MAXIMUM,17,EXCESSIVE COMPLETE,S,9983690,5584,4,3,0,0
ランカーキラーガール,MAXIMUM,18,EXCESSIVE COMPLETE,S,9982621,0,6,6,0,0
蛇神,MAXIMUM,18,EXCESSIVE COMPLETE,S,9980595,0,3,3,0,0
Call of the World,EXHAUST,16,EXCESSIVE COMPLETE,S,9994952,0,1,1,0,0
Call of the World,MAXIMUM,18,EXCESSIVE COMPLETE,S,9965654,0,7,7,0,0
Turn the story,MAXIMUM,18,ULTIMATE CHAIN,S,9991247,6517,11,11,1,0
Harmonia,MAXIMUM,17,PERFECT,S,10000000,5030,3,3,1,1
Jacob’s Elevator,MAXIMUM,18,EXCESSIVE COMPLETE,S,9988679,7590,4,4,0,0
Übertreffen,MAXIMUM,18,ULTIMATE CHAIN,S,9989212,6597,38,38,2,0
ЯegreT of MemoRy,MAXIMUM,17,COMPLETE,S,9961807,0,1,1,0,0
OZONE,GRAVITY,18,PERFECT,S,10000000,7489,16,13,3,1
Believe In Yourself,EXHAUST,16,EXCESSIVE COMPLETE,S,9983642,0,4,2,0,0
Believe In Yourself,GRAVITY,18,PERFECT,S,10000000,0,13,13,1,1
OUTERHEΛVEN,EXHAUST,17,PLAYED,S,9961676,0,1,0,0,0
OUTERHEΛVEN,MAXIMUM,19,EXCESSIVE COMPLETE,S,9952362,7930,40,37,0,0
* Erm， could it be a Spatiotemporal ShockWAVE Syndrome...?,ADVANCED,15,EXCESSIVE COMPLETE,AAA,9758902,0,3,2,0,0
* Erm， could it be a Spatiotemporal ShockWAVE Syndrome...?,EXHAUST,18,EXCESSIVE COMPLETE,S,9978823,0,22,20,0,0
* Erm， could it be a Spatiotemporal ShockWAVE Syndrome...?,MAXIMUM,20,EXCESSIVE COMPLETE,S,9915620,0,67,51,0,0
θコトノハθカプセルθ,EXHAUST,17,PERFECT,S,10000000,0,4,4,2,1
θコトノハθカプセルθ,MAXIMUM,19,ULTIMATE CHAIN,S,9973436,7846,31,29,1,0
Teufel,MAXIMUM,18,ULTIMATE CHAIN,S,9991224,0,22,20,1,0
Butterfly Twist,MAXIMUM,18,PERFECT,S,10000000,5999,21,9,1,1
Pulsar,MAXIMUM,18,COMPLETE,S,9978372,0,6,4,0,0
pique,EXHAUST,16,PERFECT,S,10000000,0,1,1,0,1
pique,MAXIMUM,18,ULTIMATE CHAIN,S,9981378,7679,27,26,2,0
ultra turbo,MAXIMUM,17,COMPLETE,S,9990990,5204,2,2,0,0
SAKURAスキップ（ハピネス mix）,MAXIMUM,16,EXCESSIVE COMPLETE,S,9908256,0,1,1,0,0
タイムトラベル,EXHAUST,16,ULTIMATE CHAIN,S,9997641,0,2,2,2,0
タイムトラベル,GRAVITY,18,EXCESSIVE COMPLETE,S,9974599,0,11,11,0,0
PARTY TIME!,EXHAUST,16,PERFECT,S,10000000,0,1,1,0,1
PARTY TIME!,MAXIMUM,18,ULTIMATE CHAIN,S,9989642,0,8,8,1,0
ゆりゆららららゆるゆり大事件（yuzen remix）,MAXIMUM,17,PERFECT,S,10000000,6065,9,9,1,1
One In A Billion（Hedonist Remix）,MAXIMUM,17,PERFECT,S,10000000,6078,3,3,1,1
D1g1t1ze b0dy,MAXIMUM,17,COMPLETE,S,9994158,5104,1,1,0,0
Nhelv,MAXIMUM,18,ULTIMATE CHAIN,S,9971603,7401,13,13,1,0
Pixelated Platform,MAXIMUM,17,ULTIMATE CHAIN,S,9993293,0,1,1,1,0
Afterimage d'automne,MAXIMUM,17,EXCESSIVE COMPLETE,S,9966757,0,1,1,0,0
おーまい！らぶりー！すうぃーてぃ！だーりん！,MAXIMUM,17,COMPLETE,S,9984210,5921,2,2,0,0
最小三倍完全数,MAXIMUM,18,EXCESSIVE COMPLETE,S,9994301,0,37,31,0,0
Six String Proof,MAXIMUM,17,COMPLETE,S,9969493,5544,2,2,0,0
toy boxer,MAXIMUM,17,PERFECT,S,10000000,4937,11,11,5,3
Trill auf G,EXHAUST,17,COMPLETE,S,9968454,0,1,1,0,0
Trill auf G,MAXIMUM,19,ULTIMATE CHAIN,S,9980487,0,29,29,1,0
voltississimo,EXHAUST,17,PERFECT,S,10000000,0,2,2,1,1
voltississimo,MAXIMUM,19,EXCESSIVE COMPLETE,S,9942228,0,24,22,0,0
ミッドナイト☆WAR,MAXIMUM,18,EXCESSIVE COMPLETE,S,9984725,0,6,6,0,0
Typhoon Craaash!!,EXHAUST,15,PERFECT,S,10000000,0,6,3,1,2
Typhoon Craaash!!,GRAVITY,18,ULTIMATE CHAIN,S,9986996,0,23,22,6,0
太陽曰く燃えよカオス（Sol oscuro ¡Nya! Mix）,MAXIMUM,17,PERFECT,S,10000000,4283,9,9,3,1
ねこみみ(=ФωФ=)ぱんでみみっく,EXHAUST,16,PERFECT,S,10000000,0,1,1,0,1
ねこみみ(=ФωФ=)ぱんでみみっく,GRAVITY,18,PERFECT,S,10000000,6760,16,14,0,1
ロキ,MAXIMUM,17,PERFECT,S,10000000,0,3,3,0,1
ΣgØ,EXHAUST,18,ULTIMATE CHAIN,S,9994937,0,8,6,1,0
ΣgØ,MAXIMUM,20,EXCESSIVE COMPLETE,S,9950708,9619,62,52,0,0
ΩVERFLOW,MAXIMUM,18,EXCESSIVE COMPLETE,S,9987608,0,4,3,0,0
Quark,MAXIMUM,17,EXCESSIVE COMPLETE,S,9974437,0,2,2,0,0
Ghost Family Living In Graveyard,EXHAUST,17,PERFECT,S,10000000,7762,14,13,1,1
Ghost Family Living In Graveyard,MAXIMUM,19,EXCESSIVE COMPLETE,S,9956881,8169,43,42,0,0
Sudden Visitor,MAXIMUM,18,COMPLETE,S,9982740,8508,8,7,0,0
Black Lotus,EXHAUST,16,COMPLETE,S,9964580,4835,1,1,0,0
Black Lotus,MAXIMUM,18,EXCESSIVE COMPLETE,S,9977517,0,3,3,0,0
petits fours,MAXIMUM,18,ULTIMATE CHAIN,S,9984248,0,1,1,1,0
星の透る夏空に願う,MAXIMUM,18,EXCESSIVE COMPLETE,S,9984779,0,12,11,0,0
MARENOL,MAXIMUM,17,PERFECT,S,10000000,6633,15,13,0,1
Lancelot ～Flame of the Rebellion～,EXHAUST,17,ULTIMATE CHAIN,S,9984725,0,3,2,1,0
Lancelot ～Flame of the Rebellion～,MAXIMUM,19,EXCESSIVE COMPLETE,S,9943092,0,27,23,0,0
Aerial Fortress,MAXIMUM,18,EXCESSIVE COMPLETE,S,9971728,0,14,14,0,0
Dogeza Stairs,EXHAUST,16,ULTIMATE CHAIN,S,9997896,0,2,2,1,0
Dogeza Stairs,MAXIMUM,18,EXCESSIVE COMPLETE,S,9985590,0,19,18,0,0
LECTORIA,MAXIMUM,18,EXCESSIVE COMPLETE,S,9972783,6862,14,14,0,0
eighth-slave,MAXIMUM,18,ULTIMATE CHAIN,S,9990614,0,8,8,1,0
Cynical Joker,MAXIMUM,18,EXCESSIVE COMPLETE,S,9986225,0,6,6,0,0
PIZZATIME,MAXIMUM,17,PERFECT,S,10000000,4959,8,8,0,1
Mischievous theater,MAXIMUM,17,EXCESSIVE COMPLETE,S,9946555,0,1,1,0,0
mqlo,MAXIMUM,18,EXCESSIVE COMPLETE,S,9983113,0,11,11,0,0
エンゲージ〆ント,MAXIMUM,17,EXCESSIVE COMPLETE,S,9941176,0,2,2,0,0
Sunflower Vibes,MAXIMUM,17,COMPLETE,S,9959984,6292,1,1,0,0
V Sen5eS,MAXIMUM,18,EXCESSIVE COMPLETE,S,9983996,0,7,7,0,0
Liar rain,EXHAUST,15,PLAYED,S,9984106,0,1,0,0,0
Liar rain,GRAVITY,18,ULTIMATE CHAIN,S,9978209,0,3,3,1,0
rE:Voltagers,GRAVITY,18,EXCESSIVE COMPLETE,S,9985632,6152,5,5,0,0
JǛPITΨR ♃ GЯÃVITÝ,MAXIMUM,18,EXCESSIVE COMPLETE,S,9983416,6848,8,8,0,0
ストリーミングハート,MAXIMUM,17,PERFECT,S,10000000,6505,3,3,0,1
FIRST：DREAMS,MAXIMUM,18,EXCESSIVE COMPLETE,S,9979455,0,11,11,0,0
妄想税,MAXIMUM,16,PERFECT,S,10000000,0,1,1,0,1
弱虫モンブラン,MAXIMUM,16,PERFECT,S,10000000,0,1,1,0,1
アライヴ,MAXIMUM,16,PERFECT,S,10000000,0,1,1,0,1
Into The Madness,MAXIMUM,17,PERFECT,S,10000000,4508,3,3,0,1
Cloud Crasher,GRAVITY,18,EXCESSIVE COMPLETE,S,9980979,6528,14,13,0,0
Circulator,MAXIMUM,17,PERFECT,S,10000000,4477,2,2,0,1
Barbless Ego,EXHAUST,15,PLAYED,S,9982471,0,2,0,0,0
Barbless Ego,GRAVITY,18,ULTIMATE CHAIN,S,9991477,5615,7,7,1,0
To:BrandNewDeadline,MAXIMUM,18,COMPLETE,S,9985727,6826,7,7,0,0
悪戯センセーション,MAXIMUM,17,PERFECT,S,10000000,6392,4,4,1,1
Sweetest Paranoia,MAXIMUM,16,EXCESSIVE COMPLETE,S,9972443,0,1,1,0,0
諏訪大信仰,MAXIMUM,18,ULTIMATE CHAIN,S,9988179,0,9,9,1,0
DESIRE,MAXIMUM,17,ULTIMATE CHAIN,S,9995196,6194,1,1,1,0
Atropa bella-donna,MAXIMUM,18,EXCESSIVE COMPLETE,S,9986454,0,3,3,0,0
clear:wings,MAXIMUM,17,ULTIMATE CHAIN,S,9994444,6927,2,2,1,0
Xicholauncher,MAXIMUM,18,EXCESSIVE COMPLETE,S,9981438,0,8,8,0,0
THE凸GENERATOR,EXHAUST,17,ULTIMATE CHAIN,S,9978843,0,1,1,1,0
THE凸GENERATOR,MAXIMUM,19,EXCESSIVE COMPLETE,S,9928359,7238,57,51,0,0
Chocolate Parade,MAXIMUM,17,EXCESSIVE COMPLETE,S,9969969,0,4,3,0,0
ツマミ戦隊 タテレンジャー,MAXIMUM,18,EXCESSIVE COMPLETE,S,9963218,6284,32,31,0,0
Tribal Trial,MAXIMUM,17,COMPLETE,S,9957956,5389,2,1,0,0
Barbatos,MAXIMUM,18,ULTIMATE CHAIN,S,9993597,0,10,10,1,0
アオアラシ,MAXIMUM,18,ULTIMATE CHAIN,S,9981072,0,4,4,1,0
Enchanté,MAXIMUM,18,ULTIMATE CHAIN,S,9991324,0,2,2,1,0
Bye or not,MAXIMUM,17,PERFECT,S,10000000,5902,5,5,1,1
VIVID DEBUT!,MAXIMUM,17,COMPLETE,S,9958402,0,1,1,0,0
Enigma II,MAXIMUM,17,EXCESSIVE COMPLETE,S,9960973,0,2,2,0,0
Aurolla,MAXIMUM,18,EXCESSIVE COMPLETE,S,9969280,0,6,5,0,0
Glorious Journey,MAXIMUM,18,ULTIMATE CHAIN,S,9996617,0,9,9,1,0
Sacrifice Escape: 不条理の模倣による感情と代償,MAXIMUM,17,COMPLETE,S,9954385,0,1,1,0,0
翠雨の祷,EXHAUST,16,PERFECT,S,10000000,0,1,1,0,1
翠雨の祷,MAXIMUM,18,EXCESSIVE COMPLETE,S,9982293,7280,3,3,0,0
SociuS,MAXIMUM,18,EXCESSIVE COMPLETE,S,9976323,7254,8,8,0,0
革命パッショネイト,MAXIMUM,17,PERFECT,S,10000000,0,4,4,1,1
Sharkbait,MAXIMUM,17,PERFECT,S,10000000,0,23,20,1,1
TENKAICHI ULTIMATE BOSSRUSH MEDLEY,EXHAUST,17,EXCESSIVE COMPLETE,S,9947896,0,3,3,0,0
TENKAICHI ULTIMATE BOSSRUSH MEDLEY,MAXIMUM,19,EXCESSIVE COMPLETE,S,9904352,0,28,25,0,0
Hi-Fi!!双子'S,MAXIMUM,16,PERFECT,S,10000000,0,1,1,0,1
120秒のエンドロール,MAXIMUM,17,PERFECT,S,10000000,6143,3,3,0,1
ヒカリユリイカ,NOVICE,3,PERFECT,S,10000000,1101,1,1,0,1
ヒカリユリイカ,ADVANCED,10,PERFECT,S,10000000,2199,1,1,0,1
ヒカリユリイカ,EXHAUST,13,PERFECT,S,10000000,0,1,1,0,1
ヒカリユリイカ,MAXIMUM,16,PERFECT,S,10000000,0,1,1,0,1
び,EXHAUST,16,COMPLETE,S,9988114,4214,1,1,0,0
び,MAXIMUM,18,EXCESSIVE COMPLETE,S,9971517,0,28,27,0,0
ベビーステップ,NOVICE,5,PERFECT,S,10000000,2003,1,1,0,1
ベビーステップ,ADVANCED,11,PERFECT,S,10000000,3116,1,1,0,1
ベビーステップ,EXHAUST,14,PERFECT,S,10000000,0,1,1,0,1
ベビーステップ,MAXIMUM,17,PERFECT,S,10000000,6458,16,16,3,1
無魎大数,MAXIMUM,18,EXCESSIVE COMPLETE,S,9965187,0,6,6,0,0
Addicted Moon,MAXIMUM,16,COMPLETE,S,9989384,6587,1,1,0,0
ARROW RAIN feat. ayame,MAXIMUM,18,PERFECT,S,10000000,6672,76,71,0,1
雲海,MAXIMUM,17,PERFECT,S,10000000,5008,6,6,0,1
vivid landscape,MAXIMUM,17,COMPLETE,S,9907018,5294,1,1,0,0
Enjoy This Time,MAXIMUM,17,PERFECT,S,10000000,5761,5,5,0,1
On take SUN,MAXIMUM,18,PERFECT,S,10000000,0,19,17,3,1
怪盗Ｆの台本～消えたダイヤの謎～,MAXIMUM,18,ULTIMATE CHAIN,S,9987672,6593,26,26,1,0
君は Fantasista,MAXIMUM,17,PERFECT,S,10000000,6459,8,8,0,1
GaLaXyEggPlanT,MAXIMUM,18,ULTIMATE CHAIN,S,9981998,0,20,20,2,0
GALAXY BURST,MAXIMUM,18,EXCESSIVE COMPLETE,S,9979838,0,13,13,0,0
クレイジークレイジーダンサーズ,MAXIMUM,17,PERFECT,S,10000000,7394,1,1,0,1
消失(Hommarju Remix),MAXIMUM,18,EXCESSIVE COMPLETE,S,9983928,0,7,7,0,0
Jack-the-Ripper◆,MAXIMUM,18,EXCESSIVE COMPLETE,S,9992014,9717,12,12,0,0
scary night,MAXIMUM,17,PERFECT,S,10000000,0,3,3,0,1
全力ハッピーライフ,MAXIMUM,17,PERFECT,S,10000000,6432,14,14,1,1
bistro twins☆☆☆,MAXIMUM,17,PERFECT,S,10000000,6401,8,8,2,1
BLIZZARD BEAT,MAXIMUM,17,ULTIMATE CHAIN,S,9984251,0,1,1,1,0
Princess Lily,MAXIMUM,17,PERFECT,S,10000000,6666,1,1,0,1
ぼくらの16bit戦争,MAXIMUM,17,ULTIMATE CHAIN,S,9937728,0,5,5,1,0
真夏の海の修道女,MAXIMUM,17,ULTIMATE CHAIN,S,9989100,5427,8,8,2,0
真夏の蜜と唇 fm. 希望の星は青霄に昇る,MAXIMUM,17,COMPLETE,S,9935643,0,1,1,0,0
零次元エクスプレス,MAXIMUM,17,EXCESSIVE COMPLETE,S,9969712,0,4,4,0,0
lEyl,MAXIMUM,18,EXCESSIVE COMPLETE,S,9986678,6948,5,5,0,0
Record one's Dream,MAXIMUM,17,ULTIMATE CHAIN,S,9984624,0,1,1,1,0
Revolution,MAXIMUM,17,COMPLETE,S,9947152,5472,1,1,0,0
V,MAXIMUM,18,ULTIMATE CHAIN,S,9969403,6977,26,25,1,0
ULTRAVELOCITY,EXHAUST,15,PLAYED,S,9939183,0,1,0,0,0
ULTRAVELOCITY,MAXIMUM,18,ULTIMATE CHAIN,S,9993029,6020,41,37,3,0
ΣmbryØ,EXHAUST,18,EXCESSIVE COMPLETE,S,9983108,8095,19,16,0,0
ΣmbryØ,MAXIMUM,20,EXCESSIVE COMPLETE,S,9945106,9316,84,70,0,0
Cross Fire,EXHAUST,17,EXCESSIVE COMPLETE,S,9952221,0,2,1,0,0
Cross Fire,MAXIMUM,19,EXCESSIVE COMPLETE,S,9981076,7194,37,33,0,0
GODHEART,EXHAUST,17,PLAYED,S,9929577,0,1,0,0,0
GODHEART,MAXIMUM,19,EXCESSIVE COMPLETE,S,9970304,7120,27,26,0,0
THE HEAVEN,EXHAUST,15,PLAYED,S,9960677,0,1,0,0,0
THE HEAVEN,MAXIMUM,18,EXCESSIVE COMPLETE,S,9990733,7559,10,9,0,0
祝福の色彩は想い結ぶ君たち迄,EXHAUST,16,PLAYED,S,9916275,0,1,0,0,0
祝福の色彩は想い結ぶ君たち迄,MAXIMUM,18,EXCESSIVE COMPLETE,S,9980291,0,18,17,0,0
Destiny,EXHAUST,16,PLAYED,AAA+,9886702,0,1,0,0,0
Destiny,MAXIMUM,18,ULTIMATE CHAIN,S,9988156,7511,11,10,1,0
*Feels Seasickness...*,EXHAUST,18,ULTIMATE CHAIN,S,9985941,0,15,13,1,0
*Feels Seasickness...*,MAXIMUM,20,EXCESSIVE COMPLETE,S,9940494,8185,56,48,0,0
ゴーストルール,MAXIMUM,17,PERFECT,S,10000000,6145,7,6,0,1
すろぉもぉしょん,MAXIMUM,17,EXCESSIVE COMPLETE,S,9985524,0,8,7,0,0
セイシュンライナー,MAXIMUM,17,COMPLETE,S,9975546,8173,1,1,0,0
ALTONA,GRAVITY,18,ULTIMATE CHAIN,S,9988089,6208,6,6,1,0
She Turns Me On,EXHAUST,15,PERFECT,S,10000000,0,4,1,0,1
She Turns Me On,GRAVITY,18,PERFECT,S,10000000,6702,33,28,5,1
真っ白な靴,EXHAUST,16,PERFECT,S,10000000,0,6,1,0,1
真っ白な靴,GRAVITY,18,PERFECT,S,10000000,0,19,18,2,1
REDO the NIGHT,EXHAUST,15,PERFECT,S,10000000,0,4,3,2,1
REDO the NIGHT,GRAVITY,18,PERFECT,S,10000000,7288,15,15,2,1
MODEL FT4,MAXIMUM,18,EXCESSIVE COMPLETE,S,9979474,0,7,7,0,0
Yum Yum Sweetie,MAXIMUM,18,EXCESSIVE COMPLETE,S,9981264,0,12,11,0,0
アンハッピーリフレイン,MAXIMUM,17,PERFECT,S,10000000,6450,7,7,0,1
KIRAMEKI OVERDRIVE,MAXIMUM,16,COMPLETE,S,9975619,5855,1,1,0,0
Twilight ∞ nighT,MAXIMUM,17,COMPLETE,S,9960231,4638,2,2,0,0
ローリンガール,MAXIMUM,16,PERFECT,S,10000000,0,1,1,0,1
Catch Our Fire!,MAXIMUM,18,COMPLETE,S,9973533,0,2,2,0,0
Divine's or Deal,MAXIMUM,18,EXCESSIVE COMPLETE,S,9963298,0,3,3,0,0
ファイナルレター,MAXIMUM,18,ULTIMATE CHAIN,S,9997836,7057,38,38,8,0
ブチ上げ候！現代忍者三姉妹,MAXIMUM,17,EXCESSIVE COMPLETE,S,9963617,5663,2,2,0,0
Musha Vibration,MAXIMUM,17,EXCESSIVE COMPLETE,S,9991359,5258,10,10,0,0
Sulk,MAXIMUM,17,EXCESSIVE COMPLETE,S,9952870,0,2,2,0,0
†渚の小悪魔ラヴリィ～レイディオ†,MAXIMUM,18,ULTIMATE CHAIN,S,9995296,6670,25,22,4,0
Midnight City Warfare,MAXIMUM,18,EXCESSIVE COMPLETE,S,9989063,0,6,6,0,0
ouroboros -twin stroke of the end-,MAXIMUM,18,EXCESSIVE COMPLETE,S,9984680,0,23,23,0,0
逆月,EXHAUST,17,ULTIMATE CHAIN,S,9984653,0,2,2,1,0
逆月,MAXIMUM,19,EXCESSIVE COMPLETE,S,9980149,7084,34,33,0,0
Xevel,MAXIMUM,18,EXCESSIVE COMPLETE,S,9977128,0,20,19,0,0
Taiko Drum Monster,MAXIMUM,18,EXCESSIVE COMPLETE,S,9972794,7835,5,5,0,0
Elemental Creation,EXHAUST,17,EXCESSIVE COMPLETE,S,9971636,0,2,2,0,0
Elemental Creation,MAXIMUM,19,EXCESSIVE COMPLETE,S,9988135,0,27,26,0,0
お米の美味しい炊き方、そしてお米を食べることによるその効果。,MAXIMUM,18,ULTIMATE CHAIN,S,9994632,5826,32,29,6,0
GAIA,MAXIMUM,18,ULTIMATE CHAIN,S,9981634,0,4,4,1,0
STULTI,MAXIMUM,18,EXCESSIVE COMPLETE,S,9982621,0,47,46,0,0
ラキラキ,MAXIMUM,17,COMPLETE,S,9965365,4910,1,1,0,0
Invisible Bullets,MAXIMUM,17,ULTIMATE CHAIN,S,9987677,0,1,1,1,0
Venomous Firefly,MAXIMUM,18,ULTIMATE CHAIN,S,9962511,0,48,47,1,0
Tic Exe,MAXIMUM,17,EXCESSIVE COMPLETE,S,9940845,0,1,1,0,0
Night Rockin' Bird,MAXIMUM,18,PERFECT,S,10000000,0,18,17,0,1
Nostalgic Blood of the Strife,EXHAUST,16,PERFECT,S,10000000,0,1,1,0,1
Nostalgic Blood of the Strife,MAXIMUM,18,ULTIMATE CHAIN,S,9992190,0,18,18,1,0
PROVOES*PROPOSE <<êl fine>>,EXHAUST,16,ULTIMATE CHAIN,S,9978102,0,4,2,1,0
PROVOES*PROPOSE <<êl fine>>,GRAVITY,18,ULTIMATE CHAIN,S,9980737,0,31,30,1,0
Akzeriyyuth,MAXIMUM,18,ULTIMATE CHAIN,S,9993359,0,11,10,1,0
異世界ノットパンピー,MAXIMUM,16,EXCESSIVE COMPLETE,S,9989964,0,1,1,0,0
Coldlapse,MAXIMUM,17,EXCESSIVE COMPLETE,S,9970588,0,1,1,0,0
No way,MAXIMUM,17,ULTIMATE CHAIN,S,9984076,5481,2,2,1,0
Beyond the BLUE,MAXIMUM,18,EXCESSIVE COMPLETE,S,9982133,5489,5,5,0,0
Breakin' Asia,EXHAUST,16,PERFECT,S,10000000,0,1,1,0,1
Breakin' Asia,MAXIMUM,18,PERFECT,S,10000000,7123,21,21,0,1
蓬莱フェスティボー,MAXIMUM,17,COMPLETE,S,9968960,0,1,1,0,0
Lunatic Sprinter,MAXIMUM,18,ULTIMATE CHAIN,S,9983312,6825,12,12,1,0
SUPER SUMMER SALE,MAXIMUM,18,EXCESSIVE COMPLETE,S,9969281,0,8,8,0,0
星座が恋した瞬間を。,MAXIMUM,17,PERFECT,S,10000000,5761,1,1,0,1
Puberty Dysthymia,MAXIMUM,18,EXCESSIVE COMPLETE,S,9986345,6030,11,11,0,0
Prey,MAXIMUM,18,ULTIMATE CHAIN,S,9995235,0,11,11,1,0
Life is beautiful,MAXIMUM,17,PERFECT,S,10000000,6087,20,18,1,1
Sleepless days,MAXIMUM,17,EXCESSIVE COMPLETE,S,9930124,0,1,1,0,0
MAXIVCORD,MAXIMUM,17,PERFECT,S,10000000,4598,3,3,0,1
Black night,MAXIMUM,18,ULTIMATE CHAIN,S,9994903,0,14,14,1,0
まじかる生主＠りすなちゃん,EXHAUST,15,ULTIMATE CHAIN,S,9985233,0,1,1,1,0
まじかる生主＠りすなちゃん,GRAVITY,18,PERFECT,S,10000000,6051,39,35,3,1
Another Chapter,MAXIMUM,17,PERFECT,S,10000000,7172,3,2,0,1
Absolute Domination,EXHAUST,17,EXCESSIVE COMPLETE,S,9938875,0,2,1,0,0
Absolute Domination,MAXIMUM,19,EXCESSIVE COMPLETE,S,9942258,0,57,54,0,0
オニユリ,EXHAUST,16,PLAYED,S,9968733,0,1,0,0,0
オニユリ,MAXIMUM,18,EXCESSIVE COMPLETE,S,9981203,0,17,12,0,0
Xronièr,EXHAUST,18,EXCESSIVE COMPLETE,S,9977951,0,18,13,0,0
Xronièr,MAXIMUM,20,EXCESSIVE COMPLETE,S,9933837,0,63,50,0,0
コメット⇒スケイター,MAXIMUM,17,PERFECT,S,10000000,5521,11,10,0,1
サイコパスラビット,EXHAUST,16,ULTIMATE CHAIN,S,9986985,0,2,1,1,0
サイコパスラビット,MAXIMUM,18,EXCESSIVE COMPLETE,S,9978708,0,25,19,0,0
水簾ノ調,MAXIMUM,18,PERFECT,S,10000000,0,10,9,1,1
スラッシュ//シスターズ,MAXIMUM,18,PERFECT,S,10000000,0,24,20,0,1
そして黄金郷へ,EXHAUST,15,PLAYED,S,9900519,0,1,0,0,0
そして黄金郷へ,MAXIMUM,18,ULTIMATE CHAIN,S,9994068,0,9,7,1,0
光射す澪のユズリハ,EXHAUST,16,ULTIMATE CHAIN,S,9993946,0,1,1,1,0
光射す澪のユズリハ,MAXIMUM,18,EXCESSIVE COMPLETE,S,9985221,0,30,28,0,0
Failnaught,EXHAUST,17,EXCESSIVE COMPLETE,S,9937902,0,2,1,0,0
Failnaught,MAXIMUM,19,EXCESSIVE COMPLETE,S,9952117,0,30,27,0,0
Fly Like You,EXHAUST,17,PERFECT,S,10000000,5344,9,8,1,1
Fly Like You,MAXIMUM,19,EXCESSIVE COMPLETE,S,9941434,6666,78,72,0,0
Made In Love,MAXIMUM,17,ULTIMATE CHAIN,S,9988636,6546,10,8,1,0
FREEDOM DiVE,EXHAUST,17,EXCESSIVE COMPLETE,S,9980676,0,4,4,0,0
FREEDOM DiVE,MAXIMUM,19,EXCESSIVE COMPLETE,S,9963062,9422,33,30,0,0
Dark Matter,MAXIMUM,17,COMPLETE,S,9963005,0,1,1,0,0
ひとりぼっちの魔王,MAXIMUM,16,COMPLETE,S,9925781,0,1,1,0,0
ホワイトパレード,MAXIMUM,18,EXCESSIVE COMPLETE,S,9991341,7396,7,7,0,0
Justitia Gladius,MAXIMUM,17,EXCESSIVE COMPLETE,S,9988351,5752,2,2,0,0
Levier'n NābYss,MAXIMUM,18,EXCESSIVE COMPLETE,S,9987627,0,5,5,0,0
Victim of Nights,MAXIMUM,18,PERFECT,S,10000000,6422,29,25,7,1
少女綺想曲 -G.X.N. Remix-,MAXIMUM,17,EXCESSIVE COMPLETE,S,9963880,0,1,1,0,0
BLAZING_LAZER,EXHAUST,16,PERFECT,S,10000000,0,1,1,0,1
BLAZING_LAZER,MAXIMUM,18,ULTIMATE CHAIN,S,9990986,6239,6,6,1,0
Melty Sweets,MAXIMUM,17,ULTIMATE CHAIN,S,9991138,0,4,4,1,0
Reb∞t,EXHAUST,16,PERFECT,S,10000000,0,3,2,1,1
Reb∞t,GRAVITY,18,EXCESSIVE COMPLETE,S,9994521,0,14,12,0,0
KIMIDORI Streak!!,MAXIMUM,18,PERFECT,S,10000000,0,36,32,11,1
Gate of Atlantis,EXHAUST,15,EXCESSIVE COMPLETE,S,9966319,4427,2,2,0,0
Gate of Atlantis,MAXIMUM,18,EXCESSIVE COMPLETE,S,9977313,0,17,17,0,0
失敗作少女,MAXIMUM,17,PERFECT,S,10000000,5865,6,6,3,1
Secret Traveler -MeniRemix-,MAXIMUM,17,PERFECT,S,10000000,0,5,5,0,1
Knights Assault,MAXIMUM,17,ULTIMATE CHAIN,S,9991284,5388,1,1,1,0
見世物ライフ,MAXIMUM,17,PERFECT,S,10000000,0,6,6,3,1
MeteorGlow Aftermath,MAXIMUM,18,ULTIMATE CHAIN,S,9976851,0,5,5,1,0
ECHIDNA,MAXIMUM,18,ULTIMATE CHAIN,S,9967320,6282,35,35,3,0
Chrono Diver -PENDULUMs-,EXHAUST,17,PERFECT,S,10000000,0,18,17,10,1
Chrono Diver -PENDULUMs-,MAXIMUM,19,EXCESSIVE COMPLETE,S,9967457,8362,58,57,0,0
Nexta,EXHAUST,15,ULTIMATE CHAIN,S,9985673,0,4,2,2,0
Nexta,GRAVITY,18,EXCESSIVE COMPLETE,S,9980956,7003,26,26,0,0
煙,MAXIMUM,17,COMPLETE,S,9990706,6267,11,10,0,0
SUPER BUBBLE JOURNEY,MAXIMUM,17,EXCESSIVE COMPLETE,S,9972789,0,2,2,0,0
Touch My Body,MAXIMUM,18,ULTIMATE CHAIN,S,9989118,0,5,5,1,0
誰が為に兎は舞う＝狂速狂騒曲＝,MAXIMUM,18,ULTIMATE CHAIN,S,9990740,0,22,21,1,0
片翼のディザイア,MAXIMUM,17,PERFECT,S,10000000,5212,3,3,2,1
LastΩmegA,MAXIMUM,18,EXCESSIVE COMPLETE,S,9989787,7315,18,18,0,0
La Danza del Fuego,MAXIMUM,16,ULTIMATE CHAIN,S,9951171,0,1,1,1,0
Redshift,EXHAUST,16,COMPLETE,S,9994391,5332,1,1,0,0
Redshift,MAXIMUM,18,EXCESSIVE COMPLETE,S,9987846,0,10,9,0,0
アワデコノヨヲ,MAXIMUM,17,EXCESSIVE COMPLETE,S,9974358,6526,4,4,0,0
Iridescent Clouds,MAXIMUM,17,EXCESSIVE COMPLETE,S,9948897,0,2,2,0,0
SAtAN,MAXIMUM,18,EXCESSIVE COMPLETE,S,9970887,0,14,14,0,0
Divine's:Bugscript,MAXIMUM,18,ULTIMATE CHAIN,S,9993229,0,31,29,2,0
Dreaming feat. nomico,MAXIMUM,17,EXCESSIVE COMPLETE,S,9981121,5427,5,3,0,0
Evans,MAXIMUM,18,ULTIMATE CHAIN,S,9986616,0,17,17,1,0
Decoy,MAXIMUM,17,COMPLETE,S,9971631,0,1,1,0,0
New Leaf,MAXIMUM,18,EXCESSIVE COMPLETE,S,9991201,6863,12,12,0,0
β,MAXIMUM,17,PERFECT,S,10000000,6698,1,1,0,1
RHYZING BEAT,MAXIMUM,18,ULTIMATE CHAIN,S,9992428,0,6,6,1,0
Re：End of a Dream,MAXIMUM,18,EXCESSIVE COMPLETE,S,9986789,0,29,28,0,0
業焔繚乱,GRAVITY,18,ULTIMATE CHAIN,S,9982440,7407,6,6,1,0
Sky High,MAXIMUM,18,EXCESSIVE COMPLETE,S,9977313,6377,18,16,0,0
スピーカーガール！,GRAVITY,16,COMPLETE,S,9990592,5935,1,1,0,0
CHERNOBOG,EXHAUST,16,ULTIMATE CHAIN,S,9994259,0,1,1,1,0
CHERNOBOG,MAXIMUM,18,ULTIMATE CHAIN,S,9985835,7159,21,21,1,0
Phlox,MAXIMUM,17,PERFECT,S,10000000,0,9,6,1,1
BELOBOG,EXHAUST,17,EXCESSIVE COMPLETE,S,9954725,0,1,1,0,0
BELOBOG,MAXIMUM,19,EXCESSIVE COMPLETE,S,9929709,7078,50,47,0,0
蟲の棲む処,MAXIMUM,17,PERFECT,S,10000000,4780,15,14,4,1
Royal Judgement,GRAVITY,17,COMPLETE,S,9957669,0,1,1,0,0
ロプノールの商隊,MAXIMUM,17,ULTIMATE CHAIN,S,9997389,5642,10,9,1,0
惑星☆ロリポップ,MAXIMUM,16,PERFECT,S,10000000,4507,10,10,2,2
分けるな危険！モモモモモモーイズム,MAXIMUM,17,PERFECT,S,10000000,5633,15,15,1,1
Awakening,EXHAUST,17,PERFECT,S,10000000,6449,3,2,1,1
Awakening,MAXIMUM,19,EXCESSIVE COMPLETE,S,9948197,7641,96,87,0,0
Wings of Glory,EXHAUST,15,ULTIMATE CHAIN,S,9991708,0,1,1,1,0
Wings of Glory,MAXIMUM,18,ULTIMATE CHAIN,S,9989375,0,14,10,1,0
crossing blue,EXHAUST,16,PLAYED,S,9908112,0,1,0,0,0
crossing blue,MAXIMUM,18,EXCESSIVE COMPLETE,S,9980357,0,11,10,0,0
Xéroa,EXHAUST,17,PERFECT,S,10000000,5066,11,10,0,1
Xéroa,MAXIMUM,19,EXCESSIVE COMPLETE,S,9906450,6741,51,44,0,0
BlueMoon Princess,EXHAUST,16,PERFECT,S,10000000,0,3,2,0,1
BlueMoon Princess,MAXIMUM,18,EXCESSIVE COMPLETE,S,9975216,7706,50,48,0,0
プラネタジャーニー,MAXIMUM,17,PERFECT,S,10000000,4894,12,11,1,1
メルヘン風紀委員会,MAXIMUM,17,PERFECT,S,10000000,6124,32,29,2,2
Яe's NoVǢ,MAXIMUM,18,PERFECT,S,10000000,8232,30,27,5,1
GERBERA-For Finalists-,EXHAUST,17,ULTIMATE CHAIN,S,9969604,0,2,2,1,0
GERBERA-For Finalists-,MAXIMUM,19,EXCESSIVE COMPLETE,S,9925233,8315,48,46,0,0
Libera me,MAXIMUM,17,EXCESSIVE COMPLETE,S,9933255,0,2,2,0,0
ワールズエンド・ダンスホール,MAXIMUM,18,ULTIMATE CHAIN,S,9995448,0,37,37,1,0
I,EXHAUST,18,EXCESSIVE COMPLETE,S,9979239,0,16,11,0,0
I,MAXIMUM,20,EXCESSIVE COMPLETE,AAA+,9892443,9373,165,68,0,0
A Lasting Promise,ADVANCED,14,PLAYED,S,9939879,0,1,0,0,0
A Lasting Promise,EXHAUST,17,EXCESSIVE COMPLETE,S,9969630,5688,8,5,0,0
A Lasting Promise,MAXIMUM,19,EXCESSIVE COMPLETE,S,9953596,0,38,33,0,0
CUTE-Reflection,MAXIMUM,17,ULTIMATE CHAIN,S,9976589,6661,3,2,1,0
Cloud 9,MAXIMUM,18,EXCESSIVE COMPLETE,S,9983788,0,18,16,0,0
Sacrifice and Faith,MAXIMUM,18,ULTIMATE CHAIN,S,9981069,6671,13,10,2,0
神話に芽吹く,EXHAUST,15,PLAYED,S,9945215,0,1,0,0,0
神話に芽吹く,MAXIMUM,18,EXCESSIVE COMPLETE,S,9964314,7256,33,29,0,0
僕らの時間,MAXIMUM,17,PERFECT,S,10000000,6055,10,8,2,1
羅生門,MAXIMUM,17,EXCESSIVE COMPLETE,S,9973147,0,3,2,0,0
Last Resort,EXHAUST,17,PERFECT,S,10000000,6616,7,6,1,1
Last Resort,MAXIMUM,19,EXCESSIVE COMPLETE,S,9961435,9046,94,77,0,0
BREAKNECK NY☆N! NY★N!,MAXIMUM,17,PERFECT,S,10000000,6653,20,20,4,1
MONOLITH,MAXIMUM,18,EXCESSIVE COMPLETE,S,9984441,0,7,7,0,0
CARNIVOROUS,MAXIMUM,17,EXCESSIVE COMPLETE,S,9970664,0,1,1,0,0
スカイダイバー,MAXIMUM,16,PERFECT,S,10000000,4224,4,4,2,2
SPACE VILLAGE,MAXIMUM,17,EXCESSIVE COMPLETE,S,9985689,0,1,1,0,0
それは花火のような恋,MAXIMUM,17,EXCESSIVE COMPLETE,S,9978365,6039,14,13,0,0
びいすと！,MAXIMUM,18,PERFECT,S,10000000,0,36,32,5,1
VOLTEXES IV,MAXIMUM,17,EXCESSIVE COMPLETE,S,9960742,0,4,2,0,0
メイビ～初恋！？ビスケット☆大作戦,MAXIMUM,18,ULTIMATE CHAIN,S,9992236,0,27,27,1,0
Lost wing at.0,MAXIMUM,17,COMPLETE,S,9930484,7368,1,1,0,0
cobalt,MAXIMUM,17,PERFECT,S,10000000,5337,4,4,0,1
НУМЛ,MAXIMUM,18,ULTIMATE CHAIN,S,9984855,0,25,23,1,0
極彩天奏,MAXIMUM,18,ULTIMATE CHAIN,S,9973628,6220,32,32,2,0
Zelophilia,MAXIMUM,17,EXCESSIVE COMPLETE,S,9960534,5316,2,2,0,0
ツキアカリ,MAXIMUM,17,PERFECT,S,10000000,0,19,19,2,1
ボーイミーツ・ブルー,MAXIMUM,17,COMPLETE,S,9978783,5864,1,1,0,0
ルミナスデイズ,NOVICE,4,PERFECT,S,10000000,1590,1,1,0,1
ルミナスデイズ,ADVANCED,8,PERFECT,S,10000000,2073,1,1,0,1
ルミナスデイズ,EXHAUST,12,PERFECT,S,10000000,0,1,1,0,1
ルミナスデイズ,MAXIMUM,16,PERFECT,S,10000000,0,12,11,2,1
Lowermost revolt,MAXIMUM,18,ULTIMATE CHAIN,S,9986111,6884,21,21,2,0
Royal Action,MAXIMUM,17,PERFECT,S,10000000,5623,8,8,3,1
KAC 2013 ULTIMATE MEDLEY -HISTORIA SOUND VOLTEX- Empress Side,EXHAUST,18,EXCESSIVE COMPLETE,S,9971139,0,27,26,0,0
KAC 2013 ULTIMATE MEDLEY -HISTORIA SOUND VOLTEX- Empress Side,MAXIMUM,19,EXCESSIVE COMPLETE,S,9906763,0,36,27,0,0
おにいちゃんハイテック,MAXIMUM,17,PERFECT,S,10000000,4887,19,18,2,1
Chaotic Romance,MAXIMUM,17,COMPLETE,S,9988112,6577,1,1,0,0
Khionos TiARA,MAXIMUM,18,EXCESSIVE COMPLETE,S,9983942,0,16,16,0,0
Goddess Bless you,MAXIMUM,18,EXCESSIVE COMPLETE,S,9988281,7940,21,21,0,0
Xibercannon,MAXIMUM,17,EXCESSIVE COMPLETE,S,9986316,0,1,1,0,0
DropZ-Line-,MAXIMUM,18,EXCESSIVE COMPLETE,S,9981464,0,36,36,0,0
Be a Hero!,MAXIMUM,18,ULTIMATE CHAIN,S,9990067,0,11,11,1,0
PIERROT KNIfE,MAXIMUM,17,PERFECT,S,10000000,6340,7,6,2,1
OPEN MY GATE,MAXIMUM,18,PERFECT,S,10000000,5562,31,24,2,1
All Clear!!,MAXIMUM,17,PERFECT,S,10000000,5922,21,19,2,1
Cy-Bird,EXHAUST,14,ULTIMATE CHAIN,S,9996144,0,1,1,1,0
Cy-Bird,MAXIMUM,17,EXCESSIVE COMPLETE,S,9932810,0,4,1,0,0
#SpeedyCats,EXHAUST,16,COMPLETE,S,9990859,4970,1,1,0,0
#SpeedyCats,MAXIMUM,18,EXCESSIVE COMPLETE,S,9979108,0,20,17,0,0
TWO-TORIAL,EXHAUST,17,EXCESSIVE COMPLETE,S,9956736,0,3,2,0,0
TWO-TORIAL,MAXIMUM,19,EXCESSIVE COMPLETE,S,9940082,0,70,59,0,0
Hug!! Vs. Hug!!,EXHAUST,16,PERFECT,S,10000000,4075,2,1,0,1
Hug!! Vs. Hug!!,MAXIMUM,18,EXCESSIVE COMPLETE,S,9977790,0,13,12,0,0
BEAST BASS BOMB,EXHAUST,15,PLAYED,AAA,9799498,0,1,0,0,0
BEAST BASS BOMB,MAXIMUM,18,EXCESSIVE COMPLETE,S,9985627,6060,28,25,0,0
Far Away,MAXIMUM,17,EXCESSIVE COMPLETE,S,9944684,0,4,2,0,0
闇夜に舞うは紅の華,MAXIMUM,17,EXCESSIVE COMPLETE,S,9977419,5174,3,2,0,0
GERBERA,MAXIMUM,18,EXCESSIVE COMPLETE,S,9968013,0,17,12,0,0
It's a new day!,MAXIMUM,16,ULTIMATE CHAIN,S,9996534,0,1,1,1,0
HP:1,MAXIMUM,18,ULTIMATE CHAIN,S,9980737,0,31,31,1,0
QUAKE,MAXIMUM,17,COMPLETE,S,9972008,0,1,1,0,0
゜*。Chantilly Fille。*°,MAXIMUM,16,ULTIMATE CHAIN,S,9993690,0,1,1,1,0
Fairy in Strasbourg,MAXIMUM,16,PERFECT,S,10000000,0,1,1,0,1
Poppin’Cats!!,MAXIMUM,17,PERFECT,S,10000000,5737,26,26,11,1
怒槌,MAXIMUM,18,ULTIMATE CHAIN,S,9988974,0,38,29,1,0
Scarlet Lance,MAXIMUM,18,ULTIMATE CHAIN,S,9986754,0,12,12,1,0
セイクリッド ルイン,MAXIMUM,18,EXCESSIVE COMPLETE,S,9984855,0,9,9,0,0
炎夏の音,MAXIMUM,17,EXCESSIVE COMPLETE,S,9976899,0,3,3,0,0
新米天使のメランコリー,MAXIMUM,16,ULTIMATE CHAIN,S,9992887,0,1,1,1,0
地球防衛乙女パンナコッター,MAXIMUM,16,PERFECT,S,10000000,0,1,1,0,1
ペタ靴と憂夜リムーバー,MAXIMUM,17,PERFECT,S,10000000,0,13,12,4,1
キリステゴメン,NOVICE,5,PERFECT,S,10000000,1400,1,1,0,1
キリステゴメン,ADVANCED,11,PERFECT,S,10000000,2344,1,1,0,1
キリステゴメン,EXHAUST,14,PERFECT,S,10000000,0,1,1,0,1
キリステゴメン,MAXIMUM,16,PERFECT,S,10000000,5038,39,39,6,3
けもののおうじゃ★めうめう,MAXIMUM,16,ULTIMATE CHAIN,S,9981831,0,22,22,2,0
シノビシノノメ,NOVICE,4,PERFECT,S,10000000,1364,1,1,0,1
シノビシノノメ,ADVANCED,10,PERFECT,S,10000000,2433,1,1,0,1
シノビシノノメ,EXHAUST,13,PERFECT,S,10000000,0,2,1,0,1
シノビシノノメ,MAXIMUM,16,PERFECT,S,10000000,4239,5,5,2,1
銃弾は解を撃ち抜いて,MAXIMUM,17,ULTIMATE CHAIN,S,9990503,0,7,7,1,0
Drizzly Venom,MAXIMUM,17,ULTIMATE CHAIN,S,9941634,0,3,3,1,0
Ghost Trigger,MAXIMUM,18,ULTIMATE CHAIN,S,9965889,5481,19,19,1,0
Sadistic Stabbing,MAXIMUM,17,COMPLETE,S,9973516,0,1,1,0,0
Doppelganger,EXHAUST,16,EXCESSIVE COMPLETE,S,9938431,0,1,1,0,0
Doppelganger,MAXIMUM,18,ULTIMATE CHAIN,S,9990286,0,32,23,1,0
NEON LOVE♥POTION!!!,MAXIMUM,17,COMPLETE,S,9986751,6004,2,2,0,0
444,MAXIMUM,17,COMPLETE,S,9981009,5133,1,1,0,0
WONDER_WOBBLER,MAXIMUM,17,EXCESSIVE COMPLETE,S,9963163,0,1,1,0,0
Glitter Flatter Scatter,MAXIMUM,18,ULTIMATE CHAIN,S,9979951,0,2,2,1,0
のぼれ八坂坂！,MAXIMUM,18,EXCESSIVE COMPLETE,S,9984965,0,25,24,0,0
Apocrypha,MAXIMUM,17,EXCESSIVE COMPLETE,S,9956999,0,1,1,0,0
Grand-Guignol,MAXIMUM,18,EXCESSIVE COMPLETE,S,9985501,119,8,7,0,0
獅子奮迅,MAXIMUM,17,ULTIMATE CHAIN,S,9961921,5908,2,2,1,0
Spirit of the Beast,MAXIMUM,18,EXCESSIVE COMPLETE,S,9995244,6634,22,21,0,0
Fáfnir,MAXIMUM,17,EXCESSIVE COMPLETE,S,9965333,0,1,1,0,0
Concertino in Blue,MAXIMUM,18,ULTIMATE CHAIN,S,9974619,0,29,29,2,0
ULTiMATE INFLATiON,EXHAUST,16,ULTIMATE CHAIN,S,9997623,6055,2,1,1,0
ULTiMATE INFLATiON,MAXIMUM,18,ULTIMATE CHAIN,S,9994531,0,22,20,1,0
神獄烙桜,EXHAUST,16,PLAYED,AA+,9660726,0,1,0,0,0
神獄烙桜,MAXIMUM,18,ULTIMATE CHAIN,S,9990627,0,48,46,1,0
Juggler's Maddness,EXHAUST,16,PLAYED,AAA,9738593,0,2,0,0,0
Juggler's Maddness,MAXIMUM,18,EXCESSIVE COMPLETE,S,9972258,0,23,18,0,0
Staring at star,EXHAUST,17,EXCESSIVE COMPLETE,S,9974886,0,8,7,0,0
Staring at star,MAXIMUM,19,EXCESSIVE COMPLETE,S,9957181,8034,91,75,0,0
セイレーン ～悲壮の竪琴～,EXHAUST,17,PERFECT,S,10000000,7229,11,9,0,1
セイレーン ～悲壮の竪琴～,MAXIMUM,19,EXCESSIVE COMPLETE,S,9972963,8524,85,74,0,0
Dyscontrolled Galaxy,EXHAUST,17,PERFECT,S,10000000,6402,26,25,4,1
Dyscontrolled Galaxy,MAXIMUM,19,EXCESSIVE COMPLETE,S,9970008,7792,138,118,0,0
Deadly force,EXHAUST,17,EXCESSIVE COMPLETE,S,9942216,0,6,5,0,0
Deadly force,MAXIMUM,19,EXCESSIVE COMPLETE,S,9929691,6375,67,56,0,0
FIN4LE ～終止線の彼方へ～,ADVANCED,15,PLAYED,AAA+,9879356,0,1,0,0,0
FIN4LE ～終止線の彼方へ～,EXHAUST,18,EXCESSIVE COMPLETE,S,9975151,5911,32,31,0,0
FIN4LE ～終止線の彼方へ～,MAXIMUM,20,EXCESSIVE COMPLETE,AAA+,9843683,7264,80,52,0,0
WHITEOUT,ADVANCED,15,PLAYED,S,9936868,0,1,0,0,0
WHITEOUT,EXHAUST,18,EXCESSIVE COMPLETE,S,9985306,0,33,32,0,0
WHITEOUT,MAXIMUM,20,EXCESSIVE COMPLETE,AAA+,9896942,8947,160,120,0,0
Mirrorwall,EXHAUST,16,PLAYED,AAA+,9802768,0,1,0,0,0
Mirrorwall,MAXIMUM,18,ULTIMATE CHAIN,S,9972813,0,35,33,1,0
Theme of Ricerca,MAXIMUM,18,ULTIMATE CHAIN,S,9990054,5698,13,13,2,0
Altale,MAXIMUM,17,ULTIMATE CHAIN,S,9949832,0,3,3,1,0
PUPA,EXHAUST,16,ULTIMATE CHAIN,S,9997129,0,4,4,3,0
PUPA,MAXIMUM,18,ULTIMATE CHAIN,S,9987168,7505,63,58,1,0
Game Over,MAXIMUM,17,EXCESSIVE COMPLETE,S,9935646,0,1,1,0,0
JUNKIE FLAVOR,MAXIMUM,18,PERFECT,S,10000000,5829,44,44,1,1
dreamin' of u,MAXIMUM,16,EXCESSIVE COMPLETE,S,9958628,0,1,1,0,0
rhythmology study,MAXIMUM,17,ULTIMATE CHAIN,S,9985673,5741,8,8,2,0
Legendary Road,MAXIMUM,18,EXCESSIVE COMPLETE,S,9975425,7983,38,38,0,0
SACRIFICE feat. ayame,MAXIMUM,18,EXCESSIVE COMPLETE,S,9989384,0,34,34,0,0
廃獄ドリームランド,MAXIMUM,17,COMPLETE,S,9987335,5611,1,1,0,0
Burn everything,MAXIMUM,16,ULTIMATE CHAIN,S,9995979,0,1,1,1,0
オンディーヌの泪,MAXIMUM,17,PERFECT,S,10000000,0,22,21,1,1
Gorgetech,MAXIMUM,18,EXCESSIVE COMPLETE,S,9977401,0,42,42,0,0
Sweet Requiem,MAXIMUM,18,ULTIMATE CHAIN,S,9985446,0,5,5,1,0
ぱあ,MAXIMUM,16,EXCESSIVE COMPLETE,S,9982817,0,8,8,0,0
FIRE IN MY HEART,MAXIMUM,18,ULTIMATE CHAIN,S,9973375,5176,20,19,3,0
幽玄の桜,MAXIMUM,17,PERFECT,S,10000000,5154,5,5,1,1
雷鼓サンダービート,MAXIMUM,18,EXCESSIVE COMPLETE,S,9985189,0,12,12,0,0
Vigor,MAXIMUM,17,COMPLETE,S,9971500,0,1,1,0,0
The Golden Era,MAXIMUM,18,PERFECT,S,10000000,6523,32,27,3,2
405nm(Shu※mix),MAXIMUM,17,PERFECT,S,10000000,6088,17,16,4,1
Technical Master,MAXIMUM,17,PERFECT,S,10000000,5295,4,4,2,1
Dystopia,MAXIMUM,15,ULTIMATE CHAIN,S,9993597,0,1,1,1,0
トーホータノシ (feat. 抹),MAXIMUM,16,ULTIMATE CHAIN,S,9990808,0,2,2,2,0
物凄いスペースシャトルでこいしが物凄いうた,MAXIMUM,17,EXCESSIVE COMPLETE,S,9989557,6531,45,42,0,0
Blue Fire,MAXIMUM,16,EXCESSIVE COMPLETE,S,9984296,0,1,1,0,0
Voltage Higher,MAXIMUM,17,ULTIMATE CHAIN,S,9978723,0,3,3,1,0
Junk Mania,MAXIMUM,17,ULTIMATE CHAIN,S,9987915,0,2,2,1,0
We Go Down,MAXIMUM,18,EXCESSIVE COMPLETE,S,9981668,6741,18,18,0,0
The Formula,MAXIMUM,18,ULTIMATE CHAIN,S,9993975,0,14,12,1,0
Inscape,MAXIMUM,17,EXCESSIVE COMPLETE,S,9964830,0,1,1,0,0
Smoked Turkey Rag,MAXIMUM,17,EXCESSIVE COMPLETE,S,9962143,0,1,1,0,0
Cepheus,MAXIMUM,18,ULTIMATE CHAIN,S,9995551,0,12,12,2,0
FLOOR INFECTION Medley from SOUND VOLTEX×jubeat,EXHAUST,17,EXCESSIVE COMPLETE,S,9931623,0,2,2,0,0
FLOOR INFECTION Medley from SOUND VOLTEX×jubeat,MAXIMUM,18,EXCESSIVE COMPLETE,S,9965007,0,6,6,0,0
湖底遺跡のヴィダー・ハル,MAXIMUM,15,COMPLETE,S,9960339,0,1,1,0,0
sink into the dream,MAXIMUM,17,COMPLETE,S,9949090,0,1,1,0,0
POLICY BREAK Medley from SOUND VOLTEX×jubeat,MAXIMUM,18,ULTIMATE CHAIN,S,9966784,0,13,13,1,0
マトリョシカ,MAXIMUM,16,PERFECT,S,10000000,4014,7,7,1,2
Line 4 Ruin -kohumix-,MAXIMUM,17,EXCESSIVE COMPLETE,S,9975596,5816,34,32,0,0
ナナイロライト,NOVICE,3,PERFECT,S,10000000,1223,1,1,0,1
ナナイロライト,ADVANCED,7,PERFECT,S,10000000,1991,1,1,0,1
ナナイロライト,EXHAUST,12,PERFECT,S,10000000,0,1,1,0,1
ナナイロライト,MAXIMUM,15,PERFECT,S,10000000,0,4,3,1,1
iLLness LiLin,EXHAUST,17,PERFECT,S,10000000,5601,37,31,1,1
iLLness LiLin,MAXIMUM,20,EXCESSIVE COMPLETE,AAA+,9876801,7602,259,79,0,0
ΩVERSOUL,EXHAUST,16,ULTIMATE CHAIN,S,9988488,4185,7,7,1,0
ΩVERSOUL,MAXIMUM,18,ULTIMATE CHAIN,S,9966666,5832,67,55,1,0
Gamerz FestivaL,EXHAUST,16,PERFECT,S,10000000,0,9,9,1,1
Gamerz FestivaL,MAXIMUM,18,EXCESSIVE COMPLETE,S,9980095,0,24,23,0,0
Sailing Force,EXHAUST,17,ULTIMATE CHAIN,S,9981583,5573,40,36,2,0
Sailing Force,MAXIMUM,19,EXCESSIVE COMPLETE,S,9967622,0,70,60,0,0
超☆超☆光☆速☆出☆前☆最☆速!!! スピード★スター★かなで,EXHAUST,17,ULTIMATE CHAIN,S,9997704,5990,36,28,4,0
超☆超☆光☆速☆出☆前☆最☆速!!! スピード★スター★かなで,MAXIMUM,18,EXCESSIVE COMPLETE,S,9991084,7598,34,30,0,0
Rebellio,EXHAUST,17,PERFECT,S,10000000,6294,4,4,1,1
Rebellio,MAXIMUM,18,EXCESSIVE COMPLETE,S,9987515,0,13,11,0,0
Fly far bounce,MAXIMUM,17,ULTIMATE CHAIN,S,9940431,0,8,8,1,0
恋歌疾風！かるたクイーンいろは,MAXIMUM,18,ULTIMATE CHAIN,S,9989621,6246,22,22,1,0
Carry Me Away,MAXIMUM,17,PLAYED,S,9955703,0,1,0,0,0
壊Rave*it!! 壊Rave*it!!,MAXIMUM,18,ULTIMATE CHAIN,S,9981111,0,24,24,1,0
Narcissus At Oasis -影虎。 style-,MAXIMUM,16,PERFECT,S,10000000,0,1,1,0,1
Boss Rush,MAXIMUM,18,EXCESSIVE COMPLETE,S,9984836,0,12,11,0,0
If,MAXIMUM,17,ULTIMATE CHAIN,S,9994324,5057,7,3,1,0
infinite:youniverse,EXHAUST,14,ULTIMATE CHAIN,S,9978697,0,3,2,1,0
infinite:youniverse,MAXIMUM,17,COMPLETE,S,9956557,0,1,1,0,0
Immortal saga,EXHAUST,16,EXCESSIVE COMPLETE,S,9908675,0,3,1,0,0
Immortal saga,MAXIMUM,19,EXCESSIVE COMPLETE,S,9971751,6914,23,23,0,0
Fin.ArcDeaR,EXHAUST,18,PERFECT,S,10000000,0,28,20,2,1
Fin.ArcDeaR,MAXIMUM,19,EXCESSIVE COMPLETE,S,9979461,0,83,76,0,0
HE4VEN ～天国へようこそ～,NOVICE,7,COMPLETE,A,8893072,0,1,1,0,0
HE4VEN ～天国へようこそ～,ADVANCED,15,COMPLETE,S,9944400,0,1,1,0,0
HE4VEN ～天国へようこそ～,EXHAUST,17,COMPLETE,S,9962606,6188,7,4,0,0
HE4VEN ～天国へようこそ～,MAXIMUM,20,EXCESSIVE COMPLETE,S,9900310,0,93,76,0,0
Make Magic,EXHAUST,16,EXCESSIVE COMPLETE,S,9957551,0,4,2,0,0
Make Magic,MAXIMUM,18,PERFECT,S,10000000,0,26,21,4,1
ケムマキunderground,MAXIMUM,17,EXCESSIVE COMPLETE,S,9974214,6280,5,5,0,0
デュアルメモリ,NOVICE,3,PERFECT,S,10000000,1439,1,1,0,1
デュアルメモリ,ADVANCED,9,PERFECT,S,10000000,2759,1,1,0,1
デュアルメモリ,EXHAUST,14,PERFECT,S,10000000,0,2,2,1,1
デュアルメモリ,MAXIMUM,17,PERFECT,S,10000000,6112,28,25,3,2
Sakura Mirage -Drum'n World-,MAXIMUM,17,EXCESSIVE COMPLETE,S,9902548,0,1,1,0,0
準備運動,MAXIMUM,18,ULTIMATE CHAIN,S,9975423,6845,40,39,3,0
黎明スケッチブック,MAXIMUM,17,PERFECT,S,10000000,6517,33,28,1,1
ドリームエンド・サバイバー,MAXIMUM,18,ULTIMATE CHAIN,S,9981033,0,17,17,1,0
キュリオシティ,EXHAUST,15,ULTIMATE CHAIN,S,9994199,0,1,1,1,0
キュリオシティ,MAXIMUM,18,EXCESSIVE COMPLETE,S,9975951,0,50,44,0,0
Noisy Minority,MAXIMUM,18,EXCESSIVE COMPLETE,S,9990333,0,43,41,0,0
3y3s (JMBS FUNKOT RMX),MAXIMUM,17,ULTIMATE CHAIN,S,9997643,6313,2,2,1,0
Aragami,MAXIMUM,17,EXCESSIVE COMPLETE,S,9979089,6402,14,14,0,0
斑鳩,MAXIMUM,16,EXCESSIVE COMPLETE,S,9915841,0,1,1,0,0
インビジブル,EXHAUST,14,PERFECT,S,10000000,0,2,1,0,1
インビジブル,MAXIMUM,17,PERFECT,S,10000000,0,14,14,4,1
裏表ラバーズ,MAXIMUM,16,EXCESSIVE COMPLETE,S,9941747,0,1,1,0,0
永遠に幸せになる方法、見つけました。,MAXIMUM,18,EXCESSIVE COMPLETE,S,9981009,4486,45,44,0,0
EDEN of TRUTH,MAXIMUM,17,EXCESSIVE COMPLETE,S,9949238,0,3,2,0,0
オトゲラヴ！,MAXIMUM,16,ULTIMATE CHAIN,S,9993498,0,1,1,1,0
JUGGLE,MAXIMUM,17,EXCESSIVE COMPLETE,S,9938110,0,7,6,0,0
水槽のクジラ,MAXIMUM,17,PERFECT,S,10000000,5930,25,22,2,1
零の位相,EXHAUST,14,PERFECT,S,10000000,4335,1,1,0,1
零の位相,MAXIMUM,17,PERFECT,S,10000000,5278,15,15,3,1
Dharma,MAXIMUM,17,EXCESSIVE COMPLETE,S,9974619,0,3,3,0,0
Chocolate Planet,MAXIMUM,17,PERFECT,S,10000000,5944,59,44,1,1
トラウマ催眠少女さとり！,MAXIMUM,16,PERFECT,S,10000000,5184,15,12,0,6
TRICKL4SH 220,MAXIMUM,18,EXCESSIVE COMPLETE,S,9980102,0,33,28,0,0
Dreadnought,EXHAUST,16,EXCESSIVE COMPLETE,S,9960803,0,4,3,0,0
Dreadnought,MAXIMUM,18,EXCESSIVE COMPLETE,S,9996260,0,31,24,0,0
HiGHER,MAXIMUM,16,ULTIMATE CHAIN,S,9997317,0,3,3,1,0
Four Leaves,MAXIMUM,17,COMPLETE,S,9983324,0,3,3,0,0
Heavenly Adventure,MAXIMUM,17,COMPLETE,S,9988925,5197,4,4,0,0
HEAVENLY SMILE,MAXIMUM,17,EXCESSIVE COMPLETE,S,9973053,5730,26,17,0,0
bass 2 bass [Tracy vs. Astronomical Remix],MAXIMUM,16,PERFECT,S,10000000,3957,2,2,0,1
焔 -MAGMA-,MAXIMUM,17,EXCESSIVE COMPLETE,S,9910802,0,1,1,0,0
Solar Storm,EXHAUST,18,ULTIMATE CHAIN,S,9991047,0,16,15,1,0
{albus},EXHAUST,17,COMPLETE,S,9972826,6308,1,1,0,0
いつかの夢、またねの約束。,EXHAUST,14,PERFECT,S,10000000,4213,3,3,0,2
#Endroll,EXHAUST,18,PERFECT,S,10000000,5280,65,59,3,3
Quaint Echo,EXHAUST,18,EXCESSIVE COMPLETE,S,9980079,0,15,15,0,0
Zero-Day Exploit,EXHAUST,17,ULTIMATE CHAIN,S,9997536,0,18,16,4,0
ヒミツダイヤル,NOVICE,3,PERFECT,S,10000000,1162,1,1,0,1
ヒミツダイヤル,ADVANCED,7,PERFECT,S,10000000,1603,1,1,0,1
ヒミツダイヤル,EXHAUST,15,PERFECT,S,10000000,0,4,4,0,1
ヒミツダイヤル,VIVID,17,PERFECT,S,10000000,0,7,7,1,1
Metamorphobia,EXHAUST,17,ULTIMATE CHAIN,S,9978826,0,3,3,1,0
REGALIA,EXHAUST,17,PERFECT,S,10000000,7327,4,4,2,1
JOMANDA,EXHAUST,17,EXCESSIVE COMPLETE,S,9952213,0,2,2,0,0
極圏,EXHAUST,18,ULTIMATE CHAIN,S,9990961,7766,37,28,1,0
極圏,HEAVENLY,19,EXCESSIVE COMPLETE,S,9980613,9868,40,31,0,0
アルティメットトゥルース -Phantasm-,EXHAUST,18,ULTIMATE CHAIN,S,9988668,5669,30,30,3,0
Clash of swords,EXHAUST,17,EXCESSIVE COMPLETE,S,9924202,0,1,1,0,0
東方妖々夢 ULTIMATE MEDLEY,EXHAUST,18,ULTIMATE CHAIN,S,9985904,7034,26,25,1,0
IKAROS DYNAMITE!!!!,EXHAUST,18,PERFECT,S,10000000,0,54,45,0,1
Emperor's Divide,EXHAUST,17,PERFECT,S,10000000,6746,23,21,0,1
cross the future,EXHAUST,17,PERFECT,S,10000000,5514,13,12,2,1
GEOMETRIA,EXHAUST,18,EXCESSIVE COMPLETE,S,9969437,0,39,34,0,0
絶対零度,EXHAUST,18,ULTIMATE CHAIN,S,9989994,0,28,27,1,0
↓↓↓,EXHAUST,18,EXCESSIVE COMPLETE,S,9980178,0,34,32,0,0
Prayer,EXHAUST,18,ULTIMATE CHAIN,S,9986958,0,19,19,2,0
バイナリスター,NOVICE,3,PERFECT,S,10000000,1217,1,1,0,1
バイナリスター,ADVANCED,8,PERFECT,S,10000000,2452,1,1,0,1
バイナリスター,EXHAUST,13,PERFECT,S,10000000,3477,28,26,1,1
バイナリスター,VIVID,17,PERFECT,S,10000000,0,6,6,1,1
そして紫の幻想曲は全てを受け入れる,EXHAUST,17,ULTIMATE CHAIN,S,9997243,5944,40,35,6,0
MAGATORO,EXHAUST,16,COMPLETE,S,9982507,5204,1,1,0,0
ANTI THE∞HOLiC,EXHAUST,17,EXCESSIVE COMPLETE,S,9972451,5781,32,31,0,0
０=Xerostrumental=,EXHAUST,17,PERFECT,S,10000000,5753,31,29,1,1
Halcyon,EXHAUST,17,EXCESSIVE COMPLETE,S,9967801,6274,10,9,0,0
FLügeL《Λrp:ΣggyØ》,EXHAUST,18,ULTIMATE CHAIN,S,9982339,6477,47,33,1,0
FLügeL《Λrp:ΣggyØ》,GRAVITY,19,EXCESSIVE COMPLETE,S,9958233,7536,38,37,0,0
Angelic Jelly,EXHAUST,16,PERFECT,S,10000000,0,3,1,0,1
Angelic Jelly,GRAVITY,18,ULTIMATE CHAIN,S,9984802,6840,15,13,1,0
Grand Chariot,EXHAUST,16,ULTIMATE CHAIN,S,9994711,0,2,2,2,0
Grand Chariot,GRAVITY,17,EXCESSIVE COMPLETE,S,9995231,6778,6,5,0,0
StrayedCatz,EXHAUST,15,ULTIMATE CHAIN,S,9975317,0,2,2,2,0
StrayedCatz,GRAVITY,17,PERFECT,S,10000000,6003,29,26,5,1
Sephirot,EXHAUST,13,PLAYED,D,91393,0,1,0,0,0
ZEPHYRANTHES,EXHAUST,13,PLAYED,D,180965,0,1,0,0,0
DIABLOSIS::Nāga,EXHAUST,17,EXCESSIVE COMPLETE,S,9990253,0,31,23,0,0
DIABLOSIS::Nāga,GRAVITY,19,EXCESSIVE COMPLETE,S,9959521,6902,84,70,0,0
Triple Counter,EXHAUST,17,PERFECT,S,10000000,6765,13,10,1,1
Triple Counter,GRAVITY,18,EXCESSIVE COMPLETE,S,9981745,7860,11,11,0,0
NEO TREASON,EXHAUST,16,ULTIMATE CHAIN,S,9995633,6364,3,1,1,0
NEO TREASON,GRAVITY,18,ULTIMATE CHAIN,S,9988649,7732,26,23,1,0
Lord=Crossight,EXHAUST,17,EXCESSIVE COMPLETE,S,9941417,0,9,8,0,0
Lord=Crossight,GRAVITY,19,EXCESSIVE COMPLETE,S,9945598,6182,50,47,0,0
Voynich:Manuscript,EXHAUST,17,ULTIMATE CHAIN,S,9987113,5940,9,7,1,0
Completeness Under Incompleteness,EXHAUST,16,ULTIMATE CHAIN,S,9997530,5916,1,1,1,0
Completeness Under Incompleteness,GRAVITY,18,EXCESSIVE COMPLETE,S,9969907,0,22,21,0,0
The End of War,EXHAUST,17,EXCESSIVE COMPLETE,S,9984871,6329,6,5,0,0
Celestial stinger,GRAVITY,18,ULTIMATE CHAIN,S,9960753,0,21,20,2,0
B.B.K.K.B.K.K.,EXHAUST,17,PERFECT,S,10000000,5119,25,24,5,1
akasha-assembly,EXHAUST,17,EXCESSIVE COMPLETE,S,9965689,0,24,22,0,0
ウエンレラの氷華,GRAVITY,17,EXCESSIVE COMPLETE,S,9949571,0,6,6,0,0
Ok!! Hug Me,GRAVITY,18,PERFECT,S,10000000,6621,29,27,2,1
Never Let It End,EXHAUST,13,PERFECT,S,10000000,3479,1,1,0,1
Paradission,EXHAUST,17,ULTIMATE CHAIN,S,9987714,0,8,8,2,0
Lo-Fi-M,EXHAUST,16,PERFECT,S,10000000,4117,4,4,1,1
ゲキツイムラサ,EXHAUST,17,PERFECT,S,10000000,5853,70,61,1,1
善悪の頂にある真実,EXHAUST,13,COMPLETE,AA,9473902,0,2,2,0,0
Solitude & Nightmare,EXHAUST,16,COMPLETE,AA+,9570337,0,1,1,0,0
Discover the Life,EXHAUST,16,COMPLETE,AAA,9794828,0,1,1,0,0
ancient garden,EXHAUST,16,EXCESSIVE COMPLETE,S,9988188,0,1,1,0,0
Get back here,GRAVITY,17,ULTIMATE CHAIN,S,9974477,6385,7,7,1,0
Deadly Dolly Dance,EXHAUST,17,PERFECT,S,10000000,5046,40,38,9,1
Mermaid girl (Tropical Remix),EXHAUST,15,ULTIMATE CHAIN,S,9978323,0,4,4,1,0
Ultimate Ascension,EXHAUST,18,EXCESSIVE COMPLETE,S,9990933,6658,62,58,0,0
NECRO PARTY,EXHAUST,16,COMPLETE,AA,9430661,0,1,1,0,0
Help me， ERINNNNNN!! -VENUS mix-,EXHAUST,16,ULTIMATE CHAIN,S,9992760,0,1,1,1,0
UROBØROS,EXHAUST,17,COMPLETE,S,9958904,0,1,1,0,0
雪月花 -さわわRemix-,EXHAUST,17,PERFECT,S,10000000,6339,40,38,0,1
Help me， ERINNNNNN!! -Cranky remix-,EXHAUST,17,EXCESSIVE COMPLETE,S,9956983,0,1,1,0,0
双星ルミネセンス,NOVICE,4,PERFECT,S,10000000,1688,1,1,0,1
双星ルミネセンス,ADVANCED,10,PERFECT,S,10000000,3213,1,1,0,1
双星ルミネセンス,EXHAUST,16,PERFECT,S,10000000,5714,24,24,2,8
Apex of the World,EXHAUST,17,EXCESSIVE COMPLETE,S,9968847,5158,3,3,0,0
Endless GRAVITY,EXHAUST,18,ULTIMATE CHAIN,S,9975801,0,36,36,2,0
侍Annihilate!!,EXHAUST,18,PERFECT,S,10000000,0,22,21,2,1
CENSORED!!,EXHAUST,17,PERFECT,S,10000000,5810,15,15,0,1
Destroy,EXHAUST,16,COMPLETE,S,9911591,0,1,1,0,0
Destroy,GRAVITY,17,PERFECT,S,10000000,6372,6,6,1,1
断罪は遍く人間の元に,EXHAUST,17,PERFECT,S,10000000,5143,21,18,4,1
アキネイション,EXHAUST,17,PERFECT,S,10000000,5466,7,7,1,1
The star in eclipse,EXHAUST,17,PERFECT,S,10000000,6856,35,30,0,1
Dualive,EXHAUST,17,ULTIMATE CHAIN,S,9997739,6513,19,19,6,0
爆なな☆てすとロイヤー,EXHAUST,16,PERFECT,S,10000000,4981,11,11,2,2
カタルシスの月,EXHAUST,16,PERFECT,S,10000000,5366,5,4,2,2
黒髪乱れし修羅となりて～凛 edition～,NOVICE,5,COMPLETE,AAA,9738430,0,1,1,0,0
黒髪乱れし修羅となりて～凛 edition～,EXHAUST,17,EXCESSIVE COMPLETE,S,9960063,0,12,12,0,0
水月鏡花のコノテーション,EXHAUST,15,PERFECT,S,10000000,4898,17,15,0,3
滅びに至るエランプシス,EXHAUST,13,COMPLETE,AA+,9598689,0,1,1,0,0
人形裁判 -THIRD IMPACT-,EXHAUST,17,PERFECT,S,10000000,5877,19,18,6,1
Parousia,EXHAUST,17,ULTIMATE CHAIN,S,9971478,6516,5,5,1,0
archive::zip,GRAVITY,16,PLAYED,AAA+,9862932,0,1,0,0,0
Inixia,EXHAUST,16,COMPLETE,A+,9230549,0,1,1,0,0
Virtual Bit,EXHAUST,17,EXCESSIVE COMPLETE,S,9973753,0,12,12,0,0
ERROR CODE,GRAVITY,16,EXCESSIVE COMPLETE,S,9989809,0,1,1,0,0
XROSS THE XOUL,GRAVITY,18,ULTIMATE CHAIN,S,9994477,7569,27,18,2,0
Russet,EXHAUST,16,PERFECT,S,10000000,4810,1,1,0,1
Renegade Fruits,GRAVITY,18,ULTIMATE CHAIN,S,9983807,0,27,27,1,0
She is my wife,EXHAUST,16,PERFECT,S,10000000,0,5,5,1,1
お嫁にしなさいっ！,NOVICE,4,COMPLETE,AAA+,9855769,0,1,1,0,0
お嫁にしなさいっ！,EXHAUST,15,EXCESSIVE COMPLETE,S,9983912,0,4,4,0,0
響縁,EXHAUST,16,PERFECT,S,10000000,5115,1,1,0,1
Enigma,EXHAUST,17,PERFECT,S,10000000,6395,30,29,1,1
MG277,EXHAUST,18,ULTIMATE CHAIN,S,9983164,5651,58,55,1,0
Never Fails,EXHAUST,17,ULTIMATE CHAIN,S,9987073,0,1,1,1,0
Fox4-Raize-,EXHAUST,18,ULTIMATE CHAIN,S,9990489,0,59,56,2,0
Follow Up,EXHAUST,17,ULTIMATE CHAIN,S,9997323,5678,23,23,2,0
REVOLVER,EXHAUST,18,EXCESSIVE COMPLETE,S,9983652,0,60,50,0,0
KAC 2013 ULTIMATE MEDLEY -HISTORIA SOUND VOLTEX- Emperor Side,EXHAUST,18,ULTIMATE CHAIN,S,9986320,0,26,26,1,0
KAC 2013 ULTIMATE MEDLEY -HISTORIA SOUND VOLTEX- Emperor Side,GRAVITY,19,EXCESSIVE COMPLETE,S,9951790,8502,38,37,0,0
しゅわスパ大作戦☆ (カシオれ！くーにゃんリミックス),EXHAUST,16,COMPLETE,S,9954867,0,1,1,0,0
チルノとまりおのパーフェクトさんすう教室,EXHAUST,17,PERFECT,S,10000000,5652,10,10,0,1
Demise Quartet,EXHAUST,18,EXCESSIVE COMPLETE,S,9979983,0,69,60,0,0
JEHANNEDARC,EXHAUST,18,EXCESSIVE COMPLETE,S,9985829,0,49,45,0,0
常夏！！クリスタライズ・シャーベット,EXHAUST,17,ULTIMATE CHAIN,S,9985320,0,16,16,1,0
伐折羅-vajra-,EXHAUST,18,ULTIMATE CHAIN,S,9989379,7080,14,14,1,0
アナーキーインザ夕景,NOVICE,5,PERFECT,S,10000000,1736,1,1,0,1
アナーキーインザ夕景,ADVANCED,12,PERFECT,S,10000000,3172,1,1,0,1
アナーキーインザ夕景,EXHAUST,16,PERFECT,S,10000000,5743,19,15,3,1
キズナ,NOVICE,3,PERFECT,S,10000000,1360,1,1,0,1
キズナ,ADVANCED,8,PERFECT,S,10000000,2609,1,1,0,1
キズナ,EXHAUST,13,PERFECT,S,10000000,4141,3,3,0,2
「ここなつ☆」は夢のカタチ,NOVICE,4,PERFECT,S,10000000,1689,1,1,0,1
「ここなつ☆」は夢のカタチ,ADVANCED,11,PERFECT,S,10000000,3251,1,1,0,1
「ここなつ☆」は夢のカタチ,EXHAUST,16,PERFECT,S,10000000,4644,30,26,0,6
Finally Dive,NOVICE,4,PERFECT,S,10000000,1360,1,1,0,1
Finally Dive,ADVANCED,10,PERFECT,S,10000000,2432,1,1,0,1
Finally Dive,EXHAUST,15,PERFECT,S,10000000,4054,4,4,1,1
モラトリアムノオト,NOVICE,3,PERFECT,S,10000000,1228,1,1,0,1
モラトリアムノオト,ADVANCED,9,PERFECT,S,10000000,2101,1,1,0,1
モラトリアムノオト,EXHAUST,13,PERFECT,S,10000000,4021,21,21,2,9
End to end,EXHAUST,18,ULTIMATE CHAIN,S,9982358,0,38,32,1,0
EMPIRE OF FLAME,EXHAUST,18,EXCESSIVE COMPLETE,S,9984076,6780,57,55,0,0
Candy Colored Hearts,EXHAUST,17,PERFECT,S,10000000,6378,19,18,0,1
雲の彼方,EXHAUST,17,ULTIMATE CHAIN,S,9993917,5370,12,9,3,0
NEO GRAVITY,EXHAUST,18,ULTIMATE CHAIN,S,9985126,5771,37,37,3,0
Lachryma《Re:Queen’M》,EXHAUST,18,ULTIMATE CHAIN,S,9983491,0,42,41,1,0
Lachryma《Re:Queen’M》,GRAVITY,20,EXCESSIVE COMPLETE,S,9909479,8840,97,64,0,0
激アツ☆マジヤバ☆チアガール,EXHAUST,13,COMPLETE,AAA+,9845758,0,2,2,0,0
漆黒のスペシャルプリンセスサンデー,EXHAUST,17,PERFECT,S,10000000,6555,11,9,1,1
地方創生☆チクワクティクス,EXHAUST,15,ULTIMATE CHAIN,S,9996165,4306,14,14,2,0
フラッター現象の顛末と単一指向性の感情論,EXHAUST,15,ULTIMATE CHAIN,S,9997809,6115,24,16,3,0
Aliquam,EXHAUST,17,EXCESSIVE COMPLETE,S,9982568,5045,10,7,0,0
XHAOS JUDGE,EXHAUST,18,EXCESSIVE COMPLETE,S,9950779,6955,80,66,0,0
conflict,EXHAUST,17,ULTIMATE CHAIN,S,9993312,6455,14,10,1,0
Stleq,EXHAUST,17,ULTIMATE CHAIN,S,9997532,0,13,12,2,0
Nofram,EXHAUST,17,ULTIMATE CHAIN,S,9997474,5751,22,19,2,0
冥天・ヘメロカリス,EXHAUST,18,PERFECT,S,10000000,0,40,36,4,1
コンフェイト＊コンチェルト,NOVICE,3,PERFECT,S,10000000,1585,1,1,0,1
コンフェイト＊コンチェルト,ADVANCED,7,PERFECT,S,10000000,2674,1,1,0,1
コンフェイト＊コンチェルト,EXHAUST,14,PERFECT,S,10000000,5166,14,13,0,5
千客万来☆無問題！,NOVICE,5,PERFECT,S,10000000,2020,1,1,0,1
千客万来☆無問題！,ADVANCED,10,PERFECT,S,10000000,2828,1,1,0,1
千客万来☆無問題！,EXHAUST,16,PERFECT,S,10000000,5628,40,36,3,5
ムラサキグルマ,NOVICE,5,PERFECT,S,10000000,1398,1,1,0,1
ムラサキグルマ,ADVANCED,11,PERFECT,S,10000000,2971,2,2,0,1
ムラサキグルマ,EXHAUST,18,PERFECT,S,10000000,5599,93,84,0,1
闇夜舞踏会 -緋碧と蝶のためのmasquerade-,NOVICE,4,PERFECT,S,10000000,1621,1,1,0,1
闇夜舞踏会 -緋碧と蝶のためのmasquerade-,ADVANCED,9,PERFECT,S,10000000,2572,1,1,0,1
闇夜舞踏会 -緋碧と蝶のためのmasquerade-,EXHAUST,16,PERFECT,S,10000000,5145,18,17,3,1
Angels And Demons,EXHAUST,18,ULTIMATE CHAIN,S,9997486,6120,22,22,1,0
Oriental Blossom,EXHAUST,16,ULTIMATE CHAIN,S,9942112,0,1,1,1,0
CUTIE☆EX-DREAM,EXHAUST,17,ULTIMATE CHAIN,S,9989631,6149,3,1,1,0
The setting sun,EXHAUST,17,PERFECT,S,10000000,0,4,4,0,1
Seraphim,EXHAUST,18,ULTIMATE CHAIN,S,9982142,0,32,30,1,0
ハッピーシンセサイザ,EXHAUST,13,PERFECT,S,10000000,2921,2,2,1,1
Backflow,EXHAUST,17,EXCESSIVE COMPLETE,S,9956834,0,1,1,0,0
Pieces of a Dream,EXHAUST,17,PERFECT,S,10000000,6340,6,6,0,1
Pet Peeve,EXHAUST,17,PERFECT,S,10000000,4131,79,76,1,1
Mayohiga Spurt,EXHAUST,17,EXCESSIVE COMPLETE,S,9985632,6332,10,10,0,0
月光乱舞,EXHAUST,18,EXCESSIVE COMPLETE,S,9980750,6326,11,9,0,0
月光乱舞,GRAVITY,19,EXCESSIVE COMPLETE,S,9978732,6916,94,63,0,0
continew,EXHAUST,17,EXCESSIVE COMPLETE,S,9980237,0,7,7,0,0
Blacksphere,EXHAUST,16,PERFECT,S,10000000,0,3,3,0,1
じゅーじゅー♥焼肉の火からフェニックス！？～再誕の†炭火焼き～,EXHAUST,17,EXCESSIVE COMPLETE,S,9995296,5852,8,7,0,0
HAELE III ~Angel Worlds~,GRAVITY,18,EXCESSIVE COMPLETE,S,9986236,7393,33,29,0,0
ドーパミン,EXHAUST,18,EXCESSIVE COMPLETE,S,9986731,0,44,43,0,0
crêpe suzette,EXHAUST,16,PERFECT,S,10000000,0,5,4,1,1
Shiawase Transmission,EXHAUST,16,PERFECT,S,10000000,0,1,1,0,1
星の器 feat. らっぷびと,EXHAUST,16,PERFECT,S,10000000,0,3,3,0,1
三つ数えろ,EXHAUST,16,PERFECT,S,10000000,5526,3,1,0,1
Lucky*Clover,EXHAUST,17,ULTIMATE CHAIN,S,9997311,0,11,11,2,0
マサカリブレイド,EXHAUST,18,EXCESSIVE COMPLETE,S,9973741,0,31,20,0,0
Garakuta Doll Play,EXHAUST,17,EXCESSIVE COMPLETE,S,9991961,5781,16,11,0,0
Garakuta Doll Play,HEAVENLY,18,EXCESSIVE COMPLETE,S,9963181,0,33,32,0,0
きたさいたま2000,EXHAUST,18,ULTIMATE CHAIN,S,9992109,5780,76,72,5,0
きたさいたま2000,HEAVENLY,19,ULTIMATE CHAIN,S,9993907,7220,52,48,1,0
Got more raves？,EXHAUST,17,ULTIMATE CHAIN,S,9984577,5498,15,10,1,0
Got more raves？,HEAVENLY,19,ULTIMATE CHAIN,S,9994895,6473,43,38,1,0
FLOWER,EXHAUST,18,EXCESSIVE COMPLETE,S,9984453,6613,22,15,0,0
FLOWER,HEAVENLY,19,EXCESSIVE COMPLETE,S,9954614,0,42,41,0,0
ちくわパフェだよ☆ＣＫＰ,EXHAUST,15,PERFECT,S,10000000,5178,6,5,0,2
ちくわパフェだよ☆ＣＫＰ,EXCEED,18,COMPLETE,S,9963314,6845,3,3,0,0
ホーンテッド★メイドランチ,EXHAUST,17,PERFECT,S,10000000,6586,14,13,0,1
めうめうぺったんたん！！,EXHAUST,15,PERFECT,S,10000000,5058,11,11,0,2
滅亡天使 † にこきゅっぴん,EXHAUST,16,PERFECT,S,10000000,4866,6,6,0,1
Warriors Aboot,EXHAUST,18,EXCESSIVE COMPLETE,S,9968553,0,7,4,0,0
Vampire's Territory,EXHAUST,17,ULTIMATE CHAIN,S,9976359,5495,19,19,1,0
紅の剣舞,EXHAUST,17,ULTIMATE CHAIN,S,9987721,6416,24,19,1,0
Shanghai Wu Long ～上海舞龍～,EXHAUST,17,EXCESSIVE COMPLETE,S,9981662,6065,70,69,0,0
Sourire,EXHAUST,16,ULTIMATE CHAIN,S,9996448,0,1,1,1,0
ハナビラ:リンクス,EXHAUST,15,COMPLETE,S,9984650,0,2,1,0,0
Firestorm,EXHAUST,18,EXCESSIVE COMPLETE,S,9968930,4975,75,65,0,0
My name is TSUMABUKI,EXHAUST,14,COMPLETE,AAA+,9845971,0,1,1,0,0
6弦とピアノのためのエチュード op.4,EXHAUST,16,PERFECT,S,10000000,0,6,2,0,1
ECHO,EXHAUST,13,PERFECT,S,10000000,3607,4,4,1,1
深海シティアンダーグラウンド,EXHAUST,16,PERFECT,S,10000000,5509,13,13,0,5
消失,EXHAUST,18,EXCESSIVE COMPLETE,S,9987770,8633,69,53,0,0
暴走,EXHAUST,17,PERFECT,S,10000000,4499,13,13,2,1
夏色DIARY -Summer Dazzlin' Vacation miX-,EXHAUST,17,COMPLETE,S,9967845,5556,2,1,0,0
夏色DIARY -Summer Dazzlin' Vacation miX-,GRAVITY,16,ULTIMATE CHAIN,S,9983614,0,2,2,1,0
ΑΩ,EXHAUST,18,EXCESSIVE COMPLETE,S,9982766,0,22,18,0,0
ΑΩ,GRAVITY,19,EXCESSIVE COMPLETE,S,9951774,0,97,88,0,0
veRtrageS,EXHAUST,18,ULTIMATE CHAIN,S,9992657,7791,82,73,1,0
XyHATTE,EXHAUST,18,PERFECT,S,10000000,6935,60,49,11,1
XyHATTE,GRAVITY,19,EXCESSIVE COMPLETE,S,9954562,7938,42,40,0,0
Blastix Riotz,EXHAUST,18,ULTIMATE CHAIN,S,9988972,7573,63,44,1,0
Blastix Riotz,GRAVITY,19,EXCESSIVE COMPLETE,S,9966159,7987,49,40,0,0
Preserved Valkyria,EXHAUST,18,EXCESSIVE COMPLETE,S,9983482,0,43,22,0,0
Preserved Valkyria,GRAVITY,19,EXCESSIVE COMPLETE,S,9947129,0,50,49,0,0
Witch in Sweetsland,EXHAUST,17,PERFECT,S,10000000,6804,11,11,3,1
Ops:Code-Rapture-,ADVANCED,14,ULTIMATE CHAIN,S,9991856,0,1,1,1,0
Ops:Code-Rapture-,EXHAUST,18,EXCESSIVE COMPLETE,S,9984297,0,38,37,0,0
Cold Inflation,EXHAUST,16,EXCESSIVE COMPLETE,S,9971910,0,1,1,0,0
UnivEarth,EXHAUST,18,EXCESSIVE COMPLETE,S,9987531,6648,11,11,0,0
Le Fruit Défendu,EXHAUST,16,EXCESSIVE COMPLETE,S,9988851,0,1,1,0,0
TOXIC VIBRATION,EXHAUST,17,ULTIMATE CHAIN,S,9994866,6130,10,9,5,0
ΕΛΠΙΣ,EXHAUST,17,PERFECT,S,10000000,6310,7,6,2,1
灼熱Beach Side Bunny,EXHAUST,18,EXCESSIVE COMPLETE,S,9979838,5039,42,42,0,0
Opium and Purple haze,EXHAUST,17,PERFECT,S,10000000,5056,23,23,2,1
Opium and Purple haze,GRAVITY,18,ULTIMATE CHAIN,S,9993829,0,43,42,1,0
シャ ビ ドゥ 素敵な恋の魔法,EXHAUST,15,PLAYED,AAA+,9885019,0,1,0,0,0
ネメシス SDVX Edit,EXHAUST,17,EXCESSIVE COMPLETE,S,9980079,0,3,3,0,0
BOUNCE BOUNCE BOUNCE,EXHAUST,13,PLAYED,S,9937500,0,1,0,0,0
Sounds Of Summer,EXHAUST,16,EXCESSIVE COMPLETE,S,9982628,0,1,1,0,0
Innocent Floor,EXHAUST,17,ULTIMATE CHAIN,S,9982332,6182,9,8,2,0
In The Breeze,EXHAUST,16,ULTIMATE CHAIN,S,9978050,0,1,1,1,0
INF-B《L-aste-R》,EXHAUST,18,ULTIMATE CHAIN,S,9990426,0,55,47,1,0
INF-B《L-aste-R》,VIVID,19,EXCESSIVE COMPLETE,S,9924829,7397,22,21,0,0
あれこれそれどれ,EXHAUST,17,PERFECT,S,10000000,0,11,11,1,1
感情の魔天楼 ～ Arr.Demetori,EXHAUST,17,PERFECT,S,10000000,7005,4,4,1,1
ロンロンへ　ライライライ！,NOVICE,4,PERFECT,S,10000000,1590,1,1,0,1
ロンロンへ　ライライライ！,ADVANCED,10,PERFECT,S,10000000,2727,1,1,0,1
ロンロンへ　ライライライ！,EXHAUST,16,PERFECT,S,10000000,5229,19,14,1,1
ロンロンへ　ライライライ！,GRAVITY,17,PERFECT,S,10000000,5847,85,80,15,1
gigadelic (かめりあ's "The TERA" RMX),EXHAUST,18,EXCESSIVE COMPLETE,S,9979205,0,31,30,0,0
Monkey Business(Band Edit.),EXHAUST,16,ULTIMATE CHAIN,S,9997614,0,20,19,10,0
無双,EXHAUST,17,ULTIMATE CHAIN,S,9995904,6812,6,5,2,0
Pon-Pon-Pompoko Dai-Sen-Saw!,EXHAUST,18,EXCESSIVE COMPLETE,S,9981768,0,34,33,0,0
Lovesick Lovetune,EXHAUST,13,ULTIMATE CHAIN,S,9995744,3641,1,1,1,0
EBONY & IVORY,EXHAUST,17,ULTIMATE CHAIN,S,9970652,0,19,19,2,0
パ→ピ→プ→Yeah!,EXHAUST,17,PERFECT,S,10000000,5410,7,7,0,1
シリョクケンサ,ADVANCED,7,COMPLETE,A,8724884,0,1,1,0,0
シリョクケンサ,EXHAUST,12,COMPLETE,AA+,9551351,0,1,1,0,0
Happy Sensation,EXHAUST,17,ULTIMATE CHAIN,S,9995187,0,5,5,1,0
ON FIRE,NOVICE,4,COMPLETE,AAA+,9861337,0,1,1,0,0
量子の海のリントヴルム,EXHAUST,17,ULTIMATE CHAIN,S,9992063,6351,39,36,9,0
妖隠し -あやかしかくし-,EXHAUST,16,ULTIMATE CHAIN,S,9959959,0,1,1,1,0
千年ノ理,EXHAUST,14,COMPLETE,S,9973009,4300,1,1,0,0
ほおずき程度には赤い頭髪,EXHAUST,17,EXCESSIVE COMPLETE,S,9988235,6255,30,26,0,0
Scarlet Moon,EXHAUST,16,COMPLETE,S,9936000,0,1,1,0,0
Struggle,EXHAUST,13,PERFECT,S,10000000,4123,2,2,0,1
取り残された美術(Arranged:HiZuMi),ADVANCED,7,COMPLETE,A+,9264990,0,1,1,0,0
取り残された美術(Arranged:HiZuMi),EXHAUST,13,COMPLETE,AA,9477459,0,1,1,0,0
NEON WORLD,EXHAUST,17,ULTIMATE CHAIN,S,9990749,0,7,7,2,0
HAVOX,EXHAUST,18,ULTIMATE CHAIN,S,9998293,8466,25,24,1,0
BEAT-NEW-WORLD,EXHAUST,17,EXCESSIVE COMPLETE,S,9983989,6370,4,4,0,0
朝色の紙飛行機,EXHAUST,15,PLAYED,AAA+,9893162,0,1,0,0,0
AYAKASHI,EXHAUST,17,PERFECT,S,10000000,0,10,10,0,1
Everlasting Message,EXHAUST,17,EXCESSIVE COMPLETE,S,9931018,0,1,1,0,0
Everlasting Message,GRAVITY,19,EXCESSIVE COMPLETE,S,9972183,0,68,62,0,0
混乱少女♥そふらんちゃん!!,EXHAUST,18,ULTIMATE CHAIN,S,9994186,5269,46,45,3,0
Sayonara Planet Wars,EXHAUST,18,ULTIMATE CHAIN,S,9988372,0,48,47,1,0
Chant du Cygne,EXHAUST,17,ULTIMATE CHAIN,S,9995555,6325,30,28,3,0
到達してしまった僕らと夢と希望の最之果,EXHAUST,18,ULTIMATE CHAIN,S,9995110,0,28,25,1,0
KAC 2012 ULTIMATE MEDLEY -HISTORIA SOUND VOLTEX-,EXHAUST,17,EXCESSIVE COMPLETE,S,9970085,0,5,5,0,0
KAC 2012 ULTIMATE MEDLEY -HISTORIA SOUND VOLTEX-,GRAVITY,18,EXCESSIVE COMPLETE,S,9988591,0,26,20,0,0
Scream out! (SDVX EDIT),EXHAUST,16,COMPLETE,AA+,9698249,0,1,1,0,0
tricky trick,EXHAUST,18,ULTIMATE CHAIN,S,9983471,0,25,21,1,0
FIRE FIREは電気スウィングの夢を見るか？,EXHAUST,16,PERFECT,S,10000000,0,4,4,3,1
Borealis,EXHAUST,17,PERFECT,S,10000000,6418,7,6,1,1
無気力クーデター,EXHAUST,17,PERFECT,S,10000000,5792,23,18,6,1
Wuv U (Colorful QT3 nekomix),EXHAUST,16,PERFECT,S,10000000,0,1,1,0,1
Invitation from Mr.C,EXHAUST,18,ULTIMATE CHAIN,S,9997760,6727,75,68,3,0
2 MINUTES FIGHTERS,EXHAUST,17,PERFECT,S,10000000,6543,7,7,0,1
LegenD.,EXHAUST,18,ULTIMATE CHAIN,S,9986553,7277,43,40,1,0
World's end,EXHAUST,18,EXCESSIVE COMPLETE,S,9964226,0,55,54,0,0
キモチコネクト,NOVICE,4,PERFECT,S,10000000,1416,1,1,0,1
キモチコネクト,ADVANCED,9,PERFECT,S,10000000,2436,1,1,0,1
キモチコネクト,EXHAUST,16,PERFECT,S,10000000,0,19,16,1,1
キモチコネクト,GRAVITY,17,PERFECT,S,10000000,0,26,26,1,1
CRITICAL LINE,EXHAUST,17,COMPLETE,S,9942354,0,3,3,0,0
Go↓Go↑Girls&Boys!,EXHAUST,15,COMPLETE,S,9986824,0,1,1,0,0
INDEPENDENT SKY,GRAVITY,17,PERFECT,S,10000000,6357,24,21,1,1
TIEFSEE,EXHAUST,17,EXCESSIVE COMPLETE,S,9948224,0,2,2,0,0
ツーマンライブ,NOVICE,3,PERFECT,S,10000000,1395,1,1,0,1
ツーマンライブ,ADVANCED,8,PERFECT,S,10000000,2400,1,1,0,1
ツーマンライブ,EXHAUST,16,PERFECT,S,10000000,5879,11,10,1,1
ツーマンライブ,GRAVITY,16,PERFECT,S,10000000,0,6,6,0,1
Pure Evil (Kobaryo FTN-Remix),EXHAUST,17,ULTIMATE CHAIN,S,9997136,6369,15,12,5,0
鬼KYOKAN,EXHAUST,16,COMPLETE,AAA,9737507,0,5,5,0,0
幸せになれる隠しコマンドがあるらしい,EXHAUST,16,PERFECT,S,10000000,0,11,9,0,1
Scarlet Pinheel,EXHAUST,16,ULTIMATE CHAIN,S,9971461,5649,22,21,1,0
False Cross,EXHAUST,17,COMPLETE,S,9986992,6252,1,1,0,0
きらきらタイム☆,EXHAUST,17,ULTIMATE CHAIN,S,9997382,0,10,10,2,0
Twin Rocket,EXHAUST,17,PERFECT,S,10000000,0,36,36,2,1
TU-MA-MI△ALL-NIGHTER,EXHAUST,16,EXCESSIVE COMPLETE,S,9972868,0,2,2,0,0
THUNDERCRACK,EXHAUST,17,PERFECT,S,10000000,5444,26,26,3,8
メイガスナイト ～ Arr.Demetori,EXHAUST,16,EXCESSIVE COMPLETE,S,9947403,0,2,2,0,0
ポメグラネイト,NOVICE,4,PERFECT,S,10000000,1162,1,1,0,1
ポメグラネイト,ADVANCED,9,PERFECT,S,10000000,2332,1,1,0,1
ポメグラネイト,EXHAUST,16,PERFECT,S,10000000,0,16,15,1,1
ポメグラネイト,GRAVITY,17,PERFECT,S,10000000,4103,20,19,0,4
イグジスタンス,EXHAUST,17,EXCESSIVE COMPLETE,S,9976025,0,6,6,0,0
F.K.S.,EXHAUST,17,PERFECT,S,10000000,0,6,6,0,1
gigadelic(m3rkAb4# R3m!x),EXHAUST,17,COMPLETE,S,9980285,6318,2,2,0,0
しゅわスパ大作戦☆ - SDVX Edit. -,EXHAUST,13,PERFECT,S,10000000,0,2,2,0,1
Never Regret Anything,EXHAUST,16,ULTIMATE CHAIN,S,9994089,0,1,1,1,0
飛花落葉,EXHAUST,14,ULTIMATE CHAIN,S,9981174,4569,10,9,2,0
FIRE FIRE(Kazmasa Remix),EXHAUST,17,EXCESSIVE COMPLETE,S,9988677,6364,9,9,0,0
Find the Answer,EXHAUST,12,PLAYED,A+,9267192,0,2,0,0,0
ぼくらしかしらない,EXHAUST,17,PERFECT,S,10000000,5881,18,18,4,1
物凄い狂っとるフランちゃんが物凄いうた,EXHAUST,17,PERFECT,S,10000000,5521,19,16,2,1
Rubeus,EXHAUST,17,COMPLETE,S,9978201,5687,1,1,0,0
Our Faith (Faithful MTL Remix),EXHAUST,17,ULTIMATE CHAIN,S,9995654,0,5,4,1,0
Pure Evil-Aya2g Drm'n Tech Rmx-,EXHAUST,17,COMPLETE,S,9917501,0,1,1,0,0
VILE CAT,EXHAUST,18,ULTIMATE CHAIN,S,9987391,0,18,16,1,0
Attack on Dwarf,EXHAUST,14,COMPLETE,S,9947423,3853,1,1,0,0
werewolf howls.,EXHAUST,18,EXCESSIVE COMPLETE,S,9982526,0,11,11,0,0
Mist Tek,EXHAUST,16,PERFECT,S,10000000,0,18,15,3,1
キミヱゴサーチ,NOVICE,3,PERFECT,S,10000000,1183,1,1,0,1
キミヱゴサーチ,ADVANCED,8,PERFECT,S,10000000,1783,2,2,0,1
キミヱゴサーチ,EXHAUST,11,PERFECT,S,10000000,0,10,10,0,1
キミヱゴサーチ,INFINITE,16,PERFECT,S,10000000,4229,11,11,4,1
打打打打打打打打打打,INFINITE,17,ULTIMATE CHAIN,S,9991891,5879,2,2,1,0
Appliqué,EXHAUST,16,PERFECT,S,10000000,0,7,3,1,1
Appliqué,GRAVITY,17,EXCESSIVE COMPLETE,S,9969770,0,10,10,0,0
Wish upon Twin Stars,EXHAUST,17,ULTIMATE CHAIN,S,9997632,6229,15,14,2,0
Wish upon Twin Stars,GRAVITY,18,ULTIMATE CHAIN,S,9974847,7786,64,57,1,0
Growth Memories,EXHAUST,18,ULTIMATE CHAIN,S,9982347,0,18,17,1,0
Growth Memories,GRAVITY,19,ULTIMATE CHAIN,S,9996183,7343,57,36,2,0
CODE -CRiMSON-,EXHAUST,17,EXCESSIVE COMPLETE,S,9925516,0,2,2,0,0
CODE -CRiMSON-,GRAVITY,18,EXCESSIVE COMPLETE,S,9970156,0,9,9,0,0
はわわｗ！な展開っ！,EXHAUST,15,COMPLETE,S,9907918,0,3,1,0,0
はわわｗ！な展開っ！,GRAVITY,16,COMPLETE,AAA+,9834896,0,1,1,0,0
有頂天ビバーチェ,EXHAUST,16,PERFECT,S,10000000,4894,11,8,3,1
僕は空気が嫁ない,EXHAUST,15,PERFECT,S,10000000,4769,8,8,2,1
朱と碧のランページ,EXHAUST,17,EXCESSIVE COMPLETE,S,9975261,0,1,1,0,0
gigadelic -stance xxxx-,EXHAUST,17,PERFECT,S,10000000,5736,9,8,4,1
コミカルなミシャグジとラジエーション(PUNK IT ver.),EXHAUST,15,EXCESSIVE COMPLETE,S,9947328,0,1,1,0,0
FIRE FIRE -DARK BLAZE REMIX-,EXHAUST,17,ULTIMATE CHAIN,S,9987026,6172,3,3,1,0
Wuv U -More2 HAPPY Re-Mix Special-,EXHAUST,15,PERFECT,S,10000000,0,1,1,0,1
INSECTICIDE,EXHAUST,18,ULTIMATE CHAIN,S,9995322,0,24,21,1,0
INSECTICIDE,HEAVENLY,19,EXCESSIVE COMPLETE,S,9985614,7490,40,38,0,0
KHAMEN BREAK,EXHAUST,16,PERFECT,S,10000000,6272,4,4,1,1
KHAMEN BREAK,INFINITE,16,PLAYED,AA+,9648331,6763,1,0,0,0
Cleopatrysm,INFINITE,16,EXCESSIVE COMPLETE,S,9924092,0,1,1,0,0
悪性ロリィタマキャヴェリズム,EXHAUST,17,PERFECT,S,10000000,5437,7,7,2,1
柳の下のデュラハン hard chaos mix,EXHAUST,17,ULTIMATE CHAIN,S,9995076,0,9,8,3,0
リズの内心革命,EXHAUST,13,EXCESSIVE COMPLETE,S,9961861,0,7,7,0,0
リズの内心革命,INFINITE,16,PERFECT,S,10000000,6233,14,14,2,1
ミライプリズム,NOVICE,4,PERFECT,S,10000000,1515,1,1,0,1
ミライプリズム,ADVANCED,8,PERFECT,S,10000000,2489,1,1,0,1
ミライプリズム,EXHAUST,11,PERFECT,S,10000000,2987,6,6,0,3
ミライプリズム,INFINITE,15,PERFECT,S,10000000,4105,17,17,2,2
Idola,EXHAUST,17,EXCESSIVE COMPLETE,S,9984031,7561,21,14,0,0
Idola,HEAVENLY,18,EXCESSIVE COMPLETE,S,9967059,0,9,9,0,0
幻想系世界修復少女,EXHAUST,15,PERFECT,S,10000000,0,10,8,3,4
幻想系世界修復少女,HEAVENLY,17,PERFECT,S,10000000,5255,11,11,0,1
ドキドキ☆流星トラップガール!!,EXHAUST,13,COMPLETE,AA+,9527595,0,2,1,0,0
バンブーソード・ガール,EXHAUST,17,PERFECT,S,10000000,6394,33,27,6,1
バンブーソード・ガール,HEAVENLY,19,EXCESSIVE COMPLETE,S,9970021,7204,52,50,0,0
#FairyJoke #SDVX_Edit,EXHAUST,17,PERFECT,S,10000000,4745,50,43,1,5
Sakura Mirage,EXHAUST,17,PERFECT,S,10000000,5743,3,3,0,1
患部で止まってすぐ溶ける ～ 狂気の優曇華院,EXHAUST,15,ULTIMATE CHAIN,S,9993670,0,7,4,1,0
患部で止まってすぐ溶ける ～ 狂気の優曇華院,INFINITE,17,EXCESSIVE COMPLETE,S,9986251,6470,3,3,0,0
SPARKLING FANTASY,EXHAUST,13,ULTIMATE CHAIN,S,9979773,0,2,1,1,0
ってゐ！ ～えいえんてゐVer～,EXHAUST,12,PERFECT,S,10000000,0,1,1,0,1
信仰は儚き人間の為に ～ Arr.Demetori,EXHAUST,17,PERFECT,S,10000000,6553,5,5,0,1
Phantasm Brigade,EXHAUST,13,PLAYED,S,9993429,0,1,0,0,0
夕立、君と隠れ処,EXHAUST,13,PERFECT,S,10000000,4408,6,6,0,1
終点,EXHAUST,16,PERFECT,S,10000000,5883,15,15,8,1
少女暴動,EXHAUST,17,COMPLETE,S,9977900,5804,6,5,0,0
KiLLeR MeRMaiD,EXHAUST,17,EXCESSIVE COMPLETE,S,9984383,6032,3,3,0,0
Mist In Hell,EXHAUST,17,EXCESSIVE COMPLETE,S,9967266,0,2,2,0,0
Innocent Tempest,EXHAUST,17,COMPLETE,S,9971315,0,17,1,0,0
Innocent Tempest,VIVID,19,EXCESSIVE COMPLETE,S,9974062,7351,31,29,0,0
侵蝕コード：666　-今日ちょっと指（略-,EXHAUST,15,PLAYED,S,9933719,0,4,0,0,0
ボルテ体操第一,EXHAUST,17,PERFECT,S,10000000,5228,8,7,3,1
流れ星と君の歌,EXHAUST,14,ULTIMATE CHAIN,S,9997014,4700,1,1,1,0
odds and ends,EXHAUST,15,PLAYED,S,9958263,0,1,0,0,0
odds and ends,GRAVITY,17,COMPLETE,S,9968873,5118,1,1,0,0
はなむけ,EXHAUST,13,ULTIMATE CHAIN,S,9934679,0,1,1,1,0
Harpuia,EXHAUST,17,PERFECT,S,10000000,5648,31,17,1,1
Harpuia,HEAVENLY,18,ULTIMATE CHAIN,S,9986990,7127,17,17,2,0
Pure Evil,EXHAUST,17,ULTIMATE CHAIN,S,9978165,0,4,1,1,0
Black Emperor,EXHAUST,18,EXCESSIVE COMPLETE,S,9988021,6704,57,43,0,0
Black Emperor,GRAVITY,19,EXCESSIVE COMPLETE,S,9978557,7569,88,73,0,0
Hoshizora Illumination,EXHAUST,16,ULTIMATE CHAIN,S,9997402,0,3,1,1,0
FLYING OUT TO THE SKY,EXHAUST,17,PERFECT,S,10000000,6465,26,21,1,1
嘘と接吻,EXHAUST,13,PLAYED,S,9984643,0,1,0,0,0
crazy cinema story,EXHAUST,16,ULTIMATE CHAIN,S,9981988,0,1,1,1,0
Fiat Lux,EXHAUST,17,ULTIMATE CHAIN,S,9985194,6927,8,8,1,0
きょうもハレバレ,EXHAUST,12,ULTIMATE CHAIN,S,9993403,0,1,1,1,0
命のユースティティア,EXHAUST,13,PERFECT,S,10000000,0,1,1,0,1
絢爛創世絵巻物,EXHAUST,13,PLAYED,AAA+,9871086,0,3,0,0,0
コンベア速度Max!? しゃいにん☆廻転ズシ"Sushi&Peace",EXHAUST,16,PLAYED,S,9942105,0,1,0,0,0
IX,EXHAUST,17,EXCESSIVE COMPLETE,S,9964412,0,5,3,0,0
IX,VIVID,19,EXCESSIVE COMPLETE,S,9972756,8314,18,18,0,0
ウバワレ,EXHAUST,16,PERFECT,S,10000000,0,5,3,1,1
ウバワレ,GRAVITY,17,PERFECT,S,10000000,0,28,25,4,1
EOS -INFINITE EDIT-,EXHAUST,13,PERFECT,S,10000000,4562,1,1,0,1
轟け！恋のビーンボール！！,EXHAUST,17,PERFECT,S,10000000,5349,9,9,1,1
Verse IV,EXHAUST,17,EXCESSIVE COMPLETE,S,9989994,6729,23,17,0,0
Verse IV,HEAVENLY,19,EXCESSIVE COMPLETE,S,9943047,8681,44,41,0,0
イゴモヨス＝オムルのテーマによるブヨブヨ・スケッチの試み,EXHAUST,17,COMPLETE,S,9929775,0,1,1,0,0
雪女,EXHAUST,16,PERFECT,S,10000000,5261,29,23,0,2
雪女,GRAVITY,17,ULTIMATE CHAIN,S,9997821,6576,6,4,2,0
おお われら喜び讃うべし、主よ,VIVID,18,EXCESSIVE COMPLETE,S,9984881,6812,4,4,0,0
上海紅茶館 ～ Chinese Tea Orchid Remix,EXHAUST,16,PERFECT,S,10000000,0,1,1,0,1
上海紅茶館 ～ Chinese Tea Orchid Remix,VIVID,18,ULTIMATE CHAIN,S,9988468,0,7,7,1,0
U.N.オーエンは彼女なのか？haru_naba Remix,EXHAUST,17,PERFECT,S,10000000,5959,24,20,1,1
超越してしまった彼女と其を生み落した理由,EXHAUST,17,ULTIMATE CHAIN,S,9989832,6131,25,21,1,0
超越してしまった彼女と其を生み落した理由,HEAVENLY,18,EXCESSIVE COMPLETE,S,9970714,0,16,16,0,0
Bangin' Burst,EXHAUST,18,ULTIMATE CHAIN,S,9994004,8007,67,51,1,0
Bangin' Burst,GRAVITY,19,EXCESSIVE COMPLETE,S,9944976,0,53,43,0,0
For UltraPlayers,EXHAUST,18,EXCESSIVE COMPLETE,S,9976228,7222,121,95,0,0
For UltraPlayers,HEAVENLY,19,EXCESSIVE COMPLETE,S,9953044,8439,52,48,0,0
BLACK or WHITE?,EXHAUST,18,EXCESSIVE COMPLETE,S,9980842,0,102,98,0,0
BLACK or WHITE?,GRAVITY,19,EXCESSIVE COMPLETE,S,9979652,7606,132,103,0,0
Hellfire,EXHAUST,17,COMPLETE,S,9957605,0,10,5,0,0
Hellfire,GRAVITY,18,EXCESSIVE COMPLETE,S,9967382,0,14,14,0,0
Last Concerto,EXHAUST,17,EXCESSIVE COMPLETE,S,9959016,4938,25,22,0,0
Last Concerto,GRAVITY,18,EXCESSIVE COMPLETE,S,9957456,0,48,48,0,0
HYENA,EXHAUST,17,EXCESSIVE COMPLETE,S,9968958,5419,16,16,0,0
Erlung,EXHAUST,14,ULTIMATE CHAIN,S,9991095,0,4,2,2,0
Erlung,GRAVITY,17,ULTIMATE CHAIN,S,9997263,5236,11,10,2,0
choux à la crème,EXHAUST,16,ULTIMATE CHAIN,S,9988338,0,3,2,1,0
choux à la crème,GRAVITY,17,PERFECT,S,10000000,0,18,18,1,1
take a step forward,EXHAUST,15,ULTIMATE CHAIN,S,9981684,0,3,1,1,0
take a step forward,HEAVENLY,17,EXCESSIVE COMPLETE,S,9964387,6451,4,4,0,0
TrailBlazer,EXHAUST,13,PLAYED,S,9972044,0,1,0,0,0
Last Battalion,EXHAUST,15,ULTIMATE CHAIN,S,9968944,0,4,1,1,0
Last Battalion,GRAVITY,17,COMPLETE,S,9975101,6185,1,1,0,0
クノイチでも恋がしたい,EXHAUST,16,ULTIMATE CHAIN,S,9996591,0,15,12,4,0
Decretum,EXHAUST,17,COMPLETE,S,9929221,0,1,1,0,0
Dignity,EXHAUST,16,EXCESSIVE COMPLETE,AAA+,9864864,0,2,2,0,0
ムーニャポヨポヨスッポコニャーゴ,EXHAUST,17,PERFECT,S,10000000,5934,37,30,2,1
ムーニャポヨポヨスッポコニャーゴ,VIVID,18,ULTIMATE CHAIN,S,9995583,7824,12,11,1,0
ルーネイトエルフ(Riz Mix),EXHAUST,14,PERFECT,S,10000000,4043,1,1,0,1
True Blue,EXHAUST,17,COMPLETE,S,9941798,5918,1,1,0,0
やばいつよくてあたまいいあたいのうた,EXHAUST,15,PLAYED,S,9945593,0,1,0,0,0
Rings of Rainbow,EXHAUST,15,PLAYED,D,192307,0,2,0,0,0
赤より紅い夢-Aya2g Tech Dance Remix-,EXHAUST,16,EXCESSIVE COMPLETE,S,9953387,0,2,2,0,0
放課後ストライド,EXHAUST,16,EXCESSIVE COMPLETE,S,9968863,0,10,6,0,0
放課後ストライド,HEAVENLY,17,EXCESSIVE COMPLETE,S,9972337,7330,4,4,0,0
マネマネサイコトロピック,EXHAUST,14,PERFECT,S,10000000,4635,5,4,0,3
最終鬼畜妹フランドール・S,ADVANCED,12,COMPLETE,A+,9295532,0,2,1,0,0
最終鬼畜妹フランドール・S,EXHAUST,16,PERFECT,S,10000000,6649,18,9,0,1
最終鬼畜妹フランドール・S,GRAVITY,18,PERFECT,S,10000000,8272,17,14,1,1
INFINITY OVERDRIVE,EXHAUST,15,PLAYED,S,9986842,0,5,0,0,0
Crack Traxxxx,EXHAUST,16,PLAYED,S,9969753,0,1,0,0,0
Crack Traxxxx,GRAVITY,18,ULTIMATE CHAIN,S,9989758,0,6,6,1,0
XROSS INFECTION,EXHAUST,17,PERFECT,S,10000000,6048,15,12,3,1
XROSS INFECTION,GRAVITY,19,EXCESSIVE COMPLETE,S,9963814,0,96,84,0,0
Double Universe,EXHAUST,16,ULTIMATE CHAIN,S,9997091,0,3,3,2,0
Double Universe,GRAVITY,17,PERFECT,S,10000000,6246,6,6,0,1
Dawn of Asia,EXHAUST,15,ULTIMATE CHAIN,S,9972789,0,6,1,1,0
snow storm -euphoria-,EXHAUST,17,PERFECT,S,10000000,6971,36,27,0,1
snow storm -euphoria-,GRAVITY,19,ULTIMATE CHAIN,S,9966562,7188,57,50,1,0
ウサテイ,EXHAUST,15,COMPLETE,A+,9267033,0,1,1,0,0
Quietus Ray,EXHAUST,17,PERFECT,S,10000000,6643,30,23,0,1
Quietus Ray,HEAVENLY,19,EXCESSIVE COMPLETE,S,9962180,8669,58,51,0,0
Booths of Fighters,EXHAUST,17,PERFECT,S,10000000,6195,108,52,0,1
Booths of Fighters,HEAVENLY,19,EXCESSIVE COMPLETE,S,9970227,7199,38,35,0,0
デストロイマーチ,EXHAUST,16,ULTIMATE CHAIN,S,9989885,5202,16,14,5,0
Unicorn tail Dustboxxxx RMX,EXHAUST,16,EXCESSIVE COMPLETE,S,9983314,0,23,19,0,0
Unicorn tail Dustboxxxx RMX,VIVID,18,PERFECT,S,10000000,6924,20,19,1,1
Cirno Break,EXHAUST,16,ULTIMATE CHAIN,S,9997421,0,2,2,1,0
#Fairy_dancing_in_lake,EXHAUST,16,PERFECT,S,10000000,4043,34,26,0,2
#Fairy_dancing_in_lake,VIVID,18,PERFECT,S,10000000,6180,60,52,3,1
モモンが門番ばんっ☆,EXHAUST,15,PERFECT,S,10000000,4384,7,5,0,3
U.N.オーエンは彼女なのか？(TO-HOlic mix),EXHAUST,16,COMPLETE,S,9990444,5719,2,2,0,0
音楽 -resolve-,EXHAUST,17,EXCESSIVE COMPLETE,S,9978553,0,8,3,0,0
音楽 -resolve-,VIVID,19,EXCESSIVE COMPLETE,S,9977328,7185,35,35,0,0
少年は空を辿る Prog Piano Remix,EXHAUST,16,ULTIMATE CHAIN,S,9984264,0,22,18,1,0
少年は空を辿る Prog Piano Remix,GRAVITY,17,EXCESSIVE COMPLETE,S,9962032,6287,8,8,0,0
華陽炎-Hana Kagerou-,EXHAUST,14,COMPLETE,S,9959736,4112,3,1,0,0
BabeL ～Next Story～,EXHAUST,17,ULTIMATE CHAIN,S,9997519,6387,7,7,1,0
いーあるふぁんくらぶ,EXHAUST,13,PERFECT,S,10000000,0,1,1,0,1
OVERDRIVERS,EXHAUST,14,PERFECT,S,10000000,4376,2,1,0,1
GEROL,EXHAUST,16,EXCESSIVE COMPLETE,S,9980569,0,1,1,0,0
Joyeuse,EXHAUST,17,ULTIMATE CHAIN,S,9981017,4666,45,38,2,0
Joyeuse,VIVID,18,EXCESSIVE COMPLETE,S,9948659,0,64,61,0,0
つぶやき魔法少女りむる,EXHAUST,16,PERFECT,S,10000000,5816,14,13,2,1
トリノコシティ,EXHAUST,12,PERFECT,S,10000000,3404,1,1,0,1
HAELEQUIN,EXHAUST,17,EXCESSIVE COMPLETE,S,9983471,5613,26,21,0,0
殯,EXHAUST,13,COMPLETE,AAA+,9823705,0,3,3,0,0
悪いところがひとつもない！,EXHAUST,14,PERFECT,S,10000000,3960,3,3,0,1
C18H27NO3,EXHAUST,16,EXCESSIVE COMPLETE,S,9967043,0,12,11,0,0
C18H27NO3,HEAVENLY,18,PERFECT,S,10000000,0,25,25,0,1
ラクガキスト,EXHAUST,16,EXCESSIVE COMPLETE,S,9990006,0,18,6,0,0
ラクガキスト,VIVID,19,EXCESSIVE COMPLETE,S,9985778,7800,32,32,0,0
ロストワンの号哭,EXHAUST,13,ULTIMATE CHAIN,S,9992372,0,3,2,1,0
VALLIS-NERIA,EXHAUST,18,COMPLETE,S,9975181,0,5,5,0,0
En FIRE-G SOUL,EXHAUST,13,PERFECT,S,10000000,3611,4,4,0,1
音楽 -壊音楽 mix-,EXHAUST,17,PERFECT,S,10000000,4240,3,3,0,1
こちら、幸福安心委員会です。,EXHAUST,15,ULTIMATE CHAIN,S,9996379,0,2,1,1,0
こちら、幸福安心委員会です。,VIVID,18,ULTIMATE CHAIN,S,9991601,4501,41,41,1,0
サリシノハラ,EXHAUST,12,PLAYED,AAA,9786324,0,1,0,0,0
Party Stream !!,EXHAUST,15,ULTIMATE CHAIN,S,9996725,5021,2,2,2,0
ませまてぃっく♥ま+ま=まじっく！,EXHAUST,15,ULTIMATE CHAIN,S,9992892,0,4,4,2,0
Antinomie (SDVX EDIT),EXHAUST,13,COMPLETE,A+,9092797,0,1,1,0,0
Qubism,EXHAUST,16,PLAYED,S,9987987,0,1,0,0,0
Qubism,HEAVENLY,18,ULTIMATE CHAIN,S,9984513,6855,8,8,1,0
Tomato Leaf Breaks,EXHAUST,13,PERFECT,S,10000000,4409,8,8,2,6
魔境堕天録サリエル,EXHAUST,14,PLAYED,S,9963872,0,1,0,0,0
魔境堕天録サリエル,HEAVENLY,18,ULTIMATE CHAIN,S,9979871,7427,40,40,1,0
アノ華咲クヤ,EXHAUST,14,PERFECT,S,10000000,0,2,1,0,1
Vindicator,EXHAUST,15,PLAYED,AA,9354243,0,1,0,0,0
Goodbye-bye Planet,EXHAUST,14,PLAYED,S,9950808,0,1,0,0,0
Sakura Reflection (P*Light Slayer Remix),EXHAUST,15,PERFECT,S,10000000,0,2,1,0,1
Sakura Reflection (P*Light Slayer Remix),VIVID,18,EXCESSIVE COMPLETE,S,9986979,0,9,9,0,0
She is my wife すーぱーアイドル☆ミツル子Remixちゃん,EXHAUST,15,PLAYED,AAA+,9854330,0,1,0,0,0
She is my wife すーぱーアイドル☆ミツル子Remixちゃん,VIVID,18,ULTIMATE CHAIN,S,9997573,0,17,17,1,0
十面相（フリーダムver.）,EXHAUST,14,PERFECT,S,10000000,0,1,1,0,1
GIGI BABA,EXHAUST,13,PLAYED,AA,9317585,0,1,0,0,0
蒼空に舞え、墨染の桜,EXHAUST,11,COMPLETE,AAA,9717668,0,2,2,0,0
東方妖々夢 ～the maximum moving about～,ADVANCED,8,COMPLETE,AA+,9626225,0,1,1,0,0
東方妖々夢 ～the maximum moving about～,EXHAUST,13,COMPLETE,AAA,9777861,0,1,1,0,0
待チ人ハ来ズ。,EXHAUST,12,COMPLETE,S,9955237,0,4,3,0,0
孤独の番人,EXHAUST,16,PERFECT,S,10000000,4457,16,11,3,2
孤独の番人,HEAVENLY,18,PERFECT,S,10000000,5880,35,34,1,1
The world of sound,EXHAUST,17,PERFECT,S,10000000,5900,29,23,2,1
The world of sound,HEAVENLY,18,ULTIMATE CHAIN,S,9991752,7379,27,27,1,0
ずっとそばにいさせてよね！,EXHAUST,15,ULTIMATE CHAIN,S,9996537,0,2,1,1,0
超恋愛☆エクストリーム・ガール,EXHAUST,15,EXCESSIVE COMPLETE,S,9956408,0,1,1,0,0
draw!!!!,EXHAUST,12,PLAYED,A+,9222333,0,2,0,0,0
過食性:アイドル症候群,EXHAUST,16,COMPLETE,AA,9338235,0,1,1,0,0
過食性:アイドル症候群,INFINITE,17,PERFECT,S,10000000,6826,11,11,1,2
金縛りの逢を,EXHAUST,17,PERFECT,S,10000000,6301,32,28,2,1
金縛りの逢を,HEAVENLY,18,ULTIMATE CHAIN,S,9991485,0,28,28,1,0
Disagree Feelings,EXHAUST,15,COMPLETE,S,9988687,0,1,1,0,0
泡沫、哀のまほろば,EXHAUST,13,COMPLETE,A+,9038808,0,1,1,0,0
究極焼肉レストラン！お燐の地獄亭！,EXHAUST,13,COMPLETE,S,9952741,0,2,1,0,0
Silent Story,EXHAUST,11,PERFECT,S,10000000,2945,1,1,0,1
ナイト・オブ・ナイツ,EXHAUST,15,PLAYED,D,0,0,1,0,0,0
ナイト・オブ・ナイツ,INFINITE,17,PERFECT,S,10000000,5435,7,6,1,1
色は匂へど散りぬるを,EXHAUST,12,COMPLETE,AA,9472222,0,1,1,0,0
ケロ⑨destiny,NOVICE,4,ULTIMATE CHAIN,AAA+,9885496,0,1,1,1,0
ケロ⑨destiny,ADVANCED,10,COMPLETE,B,8498293,0,1,1,0,0
ケロ⑨destiny,EXHAUST,15,ULTIMATE CHAIN,S,9992826,0,5,3,1,0
ケロ⑨destiny,HEAVENLY,17,EXCESSIVE COMPLETE,S,9970573,0,6,6,0,0
Help me， ERINNNNNN!!,EXHAUST,13,COMPLETE,AA,9369521,0,1,1,0,0
魔理沙は大変なものを盗んでいきました,EXHAUST,13,COMPLETE,S,9980468,4220,4,1,0,0
魔理沙は大変なものを盗んでいきました,GRAVITY,18,ULTIMATE CHAIN,S,9990324,5996,32,29,2,0
物凄い勢いでけーねが物凄いうた,EXHAUST,15,EXCESSIVE COMPLETE,S,9932381,0,2,2,0,0
croiX,EXHAUST,16,PERFECT,S,10000000,0,10,6,0,1
croiX,INFINITE,18,EXCESSIVE COMPLETE,S,9973416,7109,16,16,0,0
Gott,EXHAUST,16,ULTIMATE CHAIN,S,9996510,0,11,5,3,0
Gott,INFINITE,17,COMPLETE,S,9973859,6519,1,1,0,0
Dynasty,EXHAUST,16,COMPLETE,AAA+,9876373,0,11,1,0,0
Dynasty,INFINITE,17,EXCESSIVE COMPLETE,S,9938337,0,11,11,0,0
PANIC HOLIC,EXHAUST,16,COMPLETE,S,9965635,0,10,1,0,0
PANIC HOLIC,GRAVITY,18,EXCESSIVE COMPLETE,S,9983922,0,7,7,0,0
Max Burning!!,EXHAUST,17,PERFECT,S,10000000,5954,28,20,0,2
Max Burning!!,INFINITE,18,EXCESSIVE COMPLETE,S,9986039,0,56,55,0,0
Absurd Gaff,GRAVITY,18,ULTIMATE CHAIN,S,9975742,5956,27,27,2,0
EGG,EXHAUST,14,PERFECT,S,10000000,0,5,3,2,1
EGG,GRAVITY,17,ULTIMATE CHAIN,S,9994761,5825,4,4,2,0
éclair au chocolat,EXHAUST,13,ULTIMATE CHAIN,S,9941543,0,2,1,1,0
éclair au chocolat,GRAVITY,17,COMPLETE,S,9973247,5479,1,1,0,0
大宇宙ステージ,NOVICE,5,ULTIMATE CHAIN,AAA+,9850374,0,1,1,1,0
大宇宙ステージ,EXHAUST,17,PERFECT,S,10000000,0,38,24,11,1
大宇宙ステージ,GRAVITY,19,PERFECT,S,10000000,6354,87,85,6,1
TRIGGER★HAPPY,EXHAUST,14,PERFECT,S,10000000,0,4,1,0,1
VISION,EXHAUST,13,ULTIMATE CHAIN,S,9991708,0,2,2,2,0
カミサマネジマキ,EXHAUST,15,PERFECT,S,10000000,0,4,4,1,2
カミサマネジマキ,GRAVITY,17,COMPLETE,S,9970119,4900,2,2,0,0
V.I.P.,EXHAUST,17,EXCESSIVE COMPLETE,S,9973136,0,6,2,0,0
V.I.P.,HEAVENLY,18,ULTIMATE CHAIN,S,9987781,6486,17,17,1,0
腐れ外道とチョコレゐト,NOVICE,5,COMPLETE,AA+,9505154,0,1,1,0,0
腐れ外道とチョコレゐト,EXHAUST,14,PERFECT,S,10000000,0,5,4,1,1
腐れ外道とチョコレゐト,HEAVENLY,18,PERFECT,S,10000000,0,22,22,4,2
十面相,EXHAUST,13,PERFECT,S,10000000,0,2,2,0,2
十面相,VIVID,17,PERFECT,S,10000000,4512,4,3,0,1
人生リセットボタン,ADVANCED,11,PLAYED,AA,9457446,0,2,0,0,0
人生リセットボタン,EXHAUST,15,COMPLETE,S,9966273,0,4,1,0,0
人生リセットボタン,VIVID,17,PERFECT,S,10000000,5866,13,13,2,1
AA BlackY mix,EXHAUST,16,ULTIMATE CHAIN,S,9989697,0,3,3,3,0
AA BlackY mix,INFINITE,17,EXCESSIVE COMPLETE,S,9955035,5404,6,6,0,0
Freeway Shuffle -More2 HAPPY Re-Mix-,EXHAUST,15,ULTIMATE CHAIN,S,9949367,0,1,1,1,0
明星ロケット,EXHAUST,13,ULTIMATE CHAIN,S,9995247,0,1,1,1,0
幻想のサテライト,EXHAUST,16,PLAYED,AAA+,9842840,0,1,0,0,0
幻想のサテライト,HEAVENLY,18,ULTIMATE CHAIN,S,9987263,7377,10,10,1,0
月に叢雲華に風,EXHAUST,13,ULTIMATE CHAIN,S,9995805,0,4,3,2,0
チルノのパーフェクトさんすう教室,EXHAUST,13,PERFECT,S,10000000,0,6,4,1,2
Bad Apple!! feat. nomico,EXHAUST,12,PERFECT,S,10000000,0,4,4,0,1
Bad Apple!! feat. nomico,INFINITE,16,ULTIMATE CHAIN,S,9992952,0,2,2,1,0
イカサマライフゲイム,EXHAUST,14,PLAYED,S,9985693,0,1,0,0,0
イカサマライフゲイム,HEAVENLY,17,COMPLETE,S,9960113,0,1,1,0,0
セツナトリップ,EXHAUST,15,ULTIMATE CHAIN,S,9977915,0,4,1,1,0
セツナトリップ,HEAVENLY,17,EXCESSIVE COMPLETE,S,9967414,0,2,2,0,0
恋愛勇者,EXHAUST,12,PERFECT,S,10000000,0,1,1,0,1
六兆年と一夜物語,EXHAUST,14,PERFECT,S,10000000,3588,6,3,0,1
六兆年と一夜物語,INFINITE,16,PLAYED,S,9981191,0,4,0,0,0
炉心融解,EXHAUST,11,PLAYED,S,9916107,0,1,0,0,0
Ganymede kamome mix,EXHAUST,17,EXCESSIVE COMPLETE,S,9955724,0,41,34,0,0
Ganymede kamome mix,INFINITE,19,EXCESSIVE COMPLETE,S,9972505,0,37,36,0,0
GAMBOL (dfk SLC rmx),INFINITE,16,PERFECT,S,10000000,0,2,2,0,1
Distorted Floor,NOVICE,6,COMPLETE,AAA+,9886535,0,1,1,0,0
Distorted Floor,INFINITE,17,EXCESSIVE COMPLETE,S,9956793,5715,2,2,0,0
Fire Strike,EXHAUST,13,PLAYED,S,9900579,0,1,0,0,0
Fire Strike,HEAVENLY,17,COMPLETE,S,9934881,5599,1,1,0,0
freaky freak,EXHAUST,15,ULTIMATE CHAIN,S,9996012,4882,34,26,5,0
freaky freak,GRAVITY,17,PERFECT,S,10000000,6250,43,42,2,1
World Vertex,EXHAUST,14,PLAYED,AAA,9753694,0,1,0,0,0
天ノ弱,NOVICE,3,COMPLETE,AA+,9526315,0,1,1,0,0
天ノ弱,EXHAUST,13,PLAYED,S,9980000,0,4,0,0,0
天ノ弱,INFINITE,17,EXCESSIVE COMPLETE,S,9970619,0,1,1,0,0
Onigo,EXHAUST,16,COMPLETE,S,9988826,0,4,1,0,0
Onigo,HEAVENLY,18,PERFECT,S,10000000,5802,8,8,0,1
caramel ribbon,EXHAUST,13,PLAYED,S,9990494,0,3,0,0,0
君にエールを・・・！ （DJ UTO REMIX）,EXHAUST,14,PERFECT,S,10000000,3941,1,1,0,1
サヨナラ・ヘヴン （かめりあ's NEKOMATAelectroRMX）,EXHAUST,12,PERFECT,S,10000000,3812,3,3,0,3
Space Diver Tama,EXHAUST,15,ULTIMATE CHAIN,S,9957983,0,1,1,1,0
Space Diver Tama,HEAVENLY,17,PERFECT,S,10000000,0,8,8,0,2
.59 -BOOTH BOOST REMIX-,EXHAUST,13,PLAYED,AAA+,9833518,0,2,0,0,0
香港功夫大旋風,EXHAUST,16,PLAYED,S,9939065,0,6,0,0,0
香港功夫大旋風,GRAVITY,17,EXCESSIVE COMPLETE,S,9979647,6219,23,22,0,0
恋する☆宇宙戦争っ！！ あばばばみっくす,INFINITE,15,PERFECT,S,10000000,4132,2,2,0,1
春色ポートレート,EXHAUST,7,COMPLETE,AAA+,9853228,0,1,1,0,0
TYCOON,EXHAUST,15,ULTIMATE CHAIN,S,9986642,0,3,1,1,0
FLOWER REDALiCE Remix,EXHAUST,16,COMPLETE,S,9947735,0,6,1,0,0
FLOWER REDALiCE Remix,INFINITE,18,EXCESSIVE COMPLETE,S,9964150,0,5,5,0,0
ヤサイマシ☆ニンニクアブラオオメ,INFINITE,16,EXCESSIVE COMPLETE,S,9952283,0,2,2,0,0
Xepher Light and Darkness Dragon REMIX,EXHAUST,16,EXCESSIVE COMPLETE,S,9978503,0,9,4,0,0
Xepher Light and Darkness Dragon REMIX,GRAVITY,18,EXCESSIVE COMPLETE,S,9969003,0,46,38,0,0
冥 Rockin' SWING REMIX,EXHAUST,16,COMPLETE,S,9978581,0,6,1,0,0
冥 Rockin' SWING REMIX,INFINITE,18,ULTIMATE CHAIN,S,9982342,8615,19,19,1,0
ALBIDA Powerless Mix,EXHAUST,13,PLAYED,S,9980544,0,2,0,0,0
ALBIDA Powerless Mix,INFINITE,17,COMPLETE,S,9954427,4711,1,1,0,0
Iterator,EXHAUST,10,PERFECT,S,10000000,2768,3,3,1,2
Evans VolteX Pf arrange,EXHAUST,15,PLAYED,D,67829,0,1,0,0,0
Evans VolteX Pf arrange,HEAVENLY,18,EXCESSIVE COMPLETE,S,9984686,0,2,2,0,0
good high school,EXHAUST,8,PERFECT,S,10000000,0,2,2,0,1
good high school,INFINITE,17,PERFECT,S,10000000,4351,12,11,2,2
jet coaster☆girl sasakure.UK tRiCkStAr Remix,EXHAUST,9,PLAYED,AAA+,9899856,0,1,0,0,0
Ha･lle･lu･jah,EXHAUST,13,PLAYED,S,9969418,0,3,0,0,0
Broken 8cmix,EXHAUST,14,PLAYED,AAA+,9864612,0,2,0,0,0
Broken 8cmix,HEAVENLY,18,EXCESSIVE COMPLETE,S,9980124,0,57,51,0,0
        