          楽曲名,難易度,楽曲レベル,クリアランク,スコアグレード,ハイスコア,EXスコア,プレー回数,クリア回数,ULTIMATE CHAIN,PERFECT
ピアノ独奏無言歌 "灰燼",MAXIMUM,19,COMPLETE,AA+,9500000,7622,1,1,0,0
Corrupting Wonderland,MAXIMUM,18,EXCESSIVE COMPLETE,S,9996165,7383,4,4,0,0
神っぽいな,MAXIMUM,17,EXCESSIVE COMPLETE,AAA+,9895993,3993,1,1,0,0
GOODTEK,MAXIMUM,18,EXCESSIVE COMPLETE,AAA+,9826235,6789,1,1,0,0
サクラノソバニ！,MAXIMUM,17,EXCESSIVE COMPLETE,S,9981751,6477,1,1,0,0
THE WORLD REVOLVING,MAXIMUM,18,EXCESSIVE COMPLETE,S,9979903,7581,5,5,0,0
DATAERR0R,MAXIMUM,18,PERFECT,S,10000000,6050,6,6,1,1
Decadence Mission,MAXIMUM,18,PERFECT,S,10000000,6035,4,4,1,1
Berry Go!!,MAXIMUM,17,EXCESSIVE COMPLETE,S,9932639,5301,1,1,0,0
Memory Flow,MAXIMUM,18,COMPLETE,AAA,9787542,5624,1,1,0,0
勇者の卒業式,MAXIMUM,17,ULTIMATE CHAIN,S,9994910,5597,1,1,1,0
蝕,MAXIMUM,18,PLAYED,AAA+,9865853,6509,1,0,0,0
火狐之舞,MAXIMUM,18,PLAYED,AAA+,9881059,7262,1,0,0,0
EncorE & cALL,MAXIMUM,19,EXCESSIVE COMPLETE,AAA+,9887035,8719,4,1,0,0
Wings to fly high,MAXIMUM,18,PLAYED,S,9936305,7338,1,0,0,0
AIM HIGHER,MAXIMUM,18,PLAYED,AAA+,9881329,5808,2,0,0,0
All for One,MAXIMUM,18,PLAYED,AAA+,9836480,6684,1,0,0,0
AμreoLe ~for Triumph~,MAXIMUM,19,PLAYED,AAA+,9846666,7127,3,0,0,0
XHRONOXAPSULΞ,EXHAUST,18,EXCESSIVE COMPLETE,S,9914285,6022,1,1,0,0
XHRONOXAPSULΞ,MAXIMUM,20,PLAYED,AA+,9669491,6830,5,0,0,0
ZEUS,EXHAUST,17,ULTIMATE CHAIN,S,9996140,6827,1,1,1,0
ZEUS,MAXIMUM,19,PLAYED,AAA+,9869466,9316,3,0,0,0
ピアノ協奏曲第１番”蠍火”,EXHAUST,17,ULTIMATE CHAIN,S,9984646,4621,3,3,1,0
ピアノ協奏曲第１番”蠍火”,MAXIMUM,19,EXCESSIVE COMPLETE,AAA+,9867724,6327,10,10,0,0
Perfect Ultimate Celebration!!,MAXIMUM,18,EXCESSIVE COMPLETE,S,9901746,6902,1,1,0,0
Refrain,MAXIMUM,18,ULTIMATE CHAIN,S,9987893,6539,6,6,2,0
みたらしプラトニック (feat. nicamoq),ADVANCED,11,PERFECT,S,10000000,2157,1,1,0,1
ヒトガタ,MAXIMUM,17,EXCESSIVE COMPLETE,S,9920809,5625,1,1,0,0
Triple Cross,MAXIMUM,18,EXCESSIVE COMPLETE,S,9959540,7007,3,2,0,0
《Re:miniscence》,MAXIMUM,20,EXCESSIVE COMPLETE,AAA,9796747,8683,6,6,0,0
STEEL NEEDLE,MAXIMUM,18,PERFECT,S,10000000,6620,8,8,1,1
The Clown of 24stairs,MAXIMUM,19,COMPLETE,AAA,9796986,0,3,3,0,0
カジノファイヤーことみちゃん,MAXIMUM,18,EXCESSIVE COMPLETE,AAA+,9820709,6657,1,1,0,0
Pure Ruby,MAXIMUM,18,EXCESSIVE COMPLETE,S,9965737,7022,4,4,0,0
Aqua，Luna-rium,MAXIMUM,16,EXCESSIVE COMPLETE,S,9978308,0,1,1,0,0
くらべられっ子,MAXIMUM,16,ULTIMATE CHAIN,S,9987934,0,1,1,1,0
泥の分際で私だけの大切を奪おうだなんて,MAXIMUM,17,EXCESSIVE COMPLETE,AAA+,9890795,0,1,1,0,0
ナミカレ,EXHAUST,16,PERFECT,S,10000000,5188,2,2,1,1
ナミカレ,MAXIMUM,18,PERFECT,S,10000000,6662,16,16,3,1
EGOISM 440 (Ange;art remix),MAXIMUM,18,EXCESSIVE COMPLETE,S,9900793,0,1,1,0,0
キャプテン・マリンのケツアンカー,MAXIMUM,17,EXCESSIVE COMPLETE,S,9948197,6667,2,2,0,0
Gimme dreamin',VIVID,17,EXCESSIVE COMPLETE,S,9948598,5493,1,1,0,0
PSYCHO+HEROES,VIVID,18,EXCESSIVE COMPLETE,AAA+,9884861,6662,1,1,0,0
ばらんが!!!!,MAXIMUM,18,COMPLETE,S,9902968,0,1,1,0,0
ホイホイ☆幻想ホロイズム,MAXIMUM,18,EXCESSIVE COMPLETE,S,9989334,6776,13,10,0,0
Your SOUL Is Mine,VIVID,18,EXCESSIVE COMPLETE,S,9934021,5586,1,1,0,0
FEEL THE FORCE,MAXIMUM,18,EXCESSIVE COMPLETE,S,9918955,6430,2,2,0,0
Chewingood!!!,MAXIMUM,17,PERFECT,S,10000000,6180,10,10,1,2
Verflucht,MAXIMUM,18,EXCESSIVE COMPLETE,S,9919001,7405,4,4,0,0
nostos -ark remix-,MAXIMUM,18,EXCESSIVE COMPLETE,S,9925660,5613,1,1,0,0
Blue Forest(NightBounce Remix),MAXIMUM,17,EXCESSIVE COMPLETE,S,9986216,4568,1,1,0,0
運命超過乃巡合,MAXIMUM,17,EXCESSIVE COMPLETE,S,9969031,5277,1,1,0,0
Innocent Azure,MAXIMUM,18,PERFECT,S,10000000,6785,7,6,3,1
ABSOLUTE (saminun mix),MAXIMUM,17,COMPLETE,S,9913516,0,1,1,0,0
Air,MAXIMUM,18,EXCESSIVE COMPLETE,S,9991859,7766,3,3,0,0
EMERALDAS (Yuta Imai Remix),MAXIMUM,18,PERFECT,S,10000000,6833,4,4,0,1
オルターエゴ,MAXIMUM,17,PLAYED,S,9959504,0,2,0,0,0
キラメキ居残り大戦争,MAXIMUM,17,PLAYED,S,9938710,0,1,0,0,0
Chronomia,MAXIMUM,19,COMPLETE,AA+,9696685,8536,1,1,0,0
SHION -sublimation mix-,MAXIMUM,17,PLAYED,S,9947813,0,1,0,0,0
Destr0yer,MAXIMUM,18,COMPLETE,S,9959162,0,3,2,0,0
緋色月下、狂咲ノ絶 (nayuta 2017 ver),MAXIMUM,18,PLAYED,AAA,9781420,0,1,0,0,0
プナイプナイたいそう,MAXIMUM,18,EXCESSIVE COMPLETE,AAA+,9850694,0,1,1,0,0
POSSESSION (Aoi Q.E.D. RMX),MAXIMUM,18,EXCESSIVE COMPLETE,S,9941921,6562,5,5,0,0
WARNING×WARNING×WARNING,MAXIMUM,18,COMPLETE,AAA,9793265,6102,1,1,0,0
世界の果てに約束の凱歌を -VOLTEX Mix-,MAXIMUM,18,PLAYED,B,8312324,0,1,0,0,0
Non RolicK!!大冒険,MAXIMUM,17,PLAYED,AAA+,9884894,0,1,0,0,0
who I am,MAXIMUM,17,EXCESSIVE COMPLETE,S,9920749,4665,1,1,0,0
apo:llioth,MAXIMUM,18,PERFECT,S,10000000,6873,9,7,1,1
With It This Heaven?,MAXIMUM,18,PLAYED,AAA+,9872778,6895,1,0,0,0
Calamity Tempest,MAXIMUM,19,PLAYED,AAA+,9824886,8143,2,0,0,0
Daisycutter,EXHAUST,17,PLAYED,S,9929018,5172,1,0,0,0
Daisycutter,MAXIMUM,19,COMPLETE,AAA,9721810,5913,3,1,0,0
飄える翼追い掛けて,MAXIMUM,19,PLAYED,AAA,9794488,6660,3,0,0,0
MAYHEM,EXHAUST,18,EXCESSIVE COMPLETE,S,9908806,10125,2,1,0,0
MAYHEM,MAXIMUM,20,EXCESSIVE COMPLETE,S,9956568,13748,6,3,0,0
ΛΛemoria,MAXIMUM,19,PLAYED,AAA+,9859983,7327,2,0,0,0
SLEEPWALKER,VIVID,18,EXCESSIVE COMPLETE,S,9967027,5997,1,1,0,0
おどりましょうよ！ドラゴンさん ～転生したらゲーム曲でした～,MAXIMUM,17,PLAYED,S,9972260,0,2,0,0,0
Blue Forest (Prog Keys Remix),MAXIMUM,17,COMPLETE,S,9915314,0,1,1,0,0
星の詩,MAXIMUM,17,PERFECT,S,10000000,0,6,6,0,1
狂水一華,MAXIMUM,18,PLAYED,D,3010176,1701,1,0,0,0
m1dy Deluxe,MAXIMUM,18,EXCESSIVE COMPLETE,S,9914192,0,2,2,0,0
Electric Injury,VIVID,18,COMPLETE,S,9924582,6770,1,1,0,0
METATRON,MAXIMUM,18,EXCESSIVE COMPLETE,AAA+,9805847,0,2,1,0,0
VVelcome!!,EXHAUST,18,EXCESSIVE COMPLETE,S,9954907,6247,3,3,0,0
VVelcome!!,MAXIMUM,20,COMPLETE,AA+,9644075,8035,13,6,0,0
†:OLPHEUX:†,MAXIMUM,19,EXCESSIVE COMPLETE,S,9901960,6625,5,3,0,0
GEMINI LA2ER,MAXIMUM,18,PLAYED,S,9931573,0,1,0,0,0
春告胡蝶,MAXIMUM,18,PLAYED,AAA+,9866730,0,1,0,0,0
ミュージックプレイヤー,MAXIMUM,18,PLAYED,S,9936350,0,1,0,0,0
LubedeR,MAXIMUM,19,EXCESSIVE COMPLETE,AAA+,9862385,4915,5,1,0,0
Redshift 2nd Ignition,MAXIMUM,19,PLAYED,AAA+,9890087,7310,2,0,0,0
Яe:son D'être,MAXIMUM,18,EXCESSIVE COMPLETE,AAA+,9860935,5448,2,1,0,0
おはようからおやすみまでかまってポメポメ,EXHAUST,16,ULTIMATE CHAIN,S,9996561,0,1,1,1,0
DEEP PSYCHEDELIC STRIKER,MAXIMUM,17,EXCESSIVE COMPLETE,AAA+,9898132,0,1,1,0,0
POSSESSION(Gowrock Remix),MAXIMUM,17,ULTIMATE CHAIN,S,9996162,0,1,1,1,0
Re：Elemental Creation,MAXIMUM,18,EXCESSIVE COMPLETE,AAA+,9817582,0,1,1,0,0
Daydream café (Euro Hopping Mix),MAXIMUM,16,EXCESSIVE COMPLETE,S,9992967,0,1,1,0,0
卑弥呼,EXHAUST,17,EXCESSIVE COMPLETE,S,9938568,0,1,1,0,0
卑弥呼,MAXIMUM,19,EXCESSIVE COMPLETE,AAA+,9889462,8426,9,7,0,0
ふ・れ・ん・ど・し・た・い（WEREHEREMIX),MAXIMUM,17,ULTIMATE CHAIN,S,9993535,0,1,1,1,0
トマヨイ,VIVID,18,COMPLETE,S,9900990,5637,1,1,0,0
夢見草奇譚,ADVANCED,11,PERFECT,S,10000000,2901,1,1,0,1
夢見草奇譚,EXHAUST,14,PERFECT,S,10000000,4141,1,1,0,1
EGOISM -Rebuild-,MAXIMUM,17,ULTIMATE CHAIN,S,9997064,0,5,5,3,0
L9,MAXIMUM,18,EXCESSIVE COMPLETE,S,9936238,0,1,1,0,0
色を喪った街,EXHAUST,17,ULTIMATE CHAIN,S,9974059,0,1,1,1,0
色を喪った街,MAXIMUM,19,COMPLETE,AAA,9744701,0,3,1,0,0
Katharsis,MAXIMUM,18,PLAYED,AAA+,9836474,0,1,0,0,0
SAMURAI TIGER,MAXIMUM,18,PLAYED,AAA+,9840137,0,3,0,0,0
666,EXHAUST,18,EXCESSIVE COMPLETE,S,9953300,8713,7,6,0,0
666,MAXIMUM,20,COMPLETE,AAA+,9836265,10964,22,8,0,0
ZEИITH,MAXIMUM,18,PLAYED,AAA+,9847928,0,2,0,0,0
9TH5IN,MAXIMUM,19,EXCESSIVE COMPLETE,S,9909996,8506,5,4,0,0
ЯeviveR,MAXIMUM,19,COMPLETE,AAA+,9811472,0,6,2,0,0
Impress (bansou Remix),MAXIMUM,17,EXCESSIVE COMPLETE,S,9979228,0,2,2,0,0
ハレ トキドキ メランコリック,MAXIMUM,17,EXCESSIVE COMPLETE,S,9975272,0,2,1,0,0
ANGER of the GOD,MAXIMUM,19,COMPLETE,AAA+,9865858,0,3,2,0,0
STYX HELIX（Digi-Rock Remix）,MAXIMUM,17,EXCESSIVE COMPLETE,S,9980000,0,4,4,0,0
Valanga(polysha Remix),MAXIMUM,18,ULTIMATE CHAIN,S,9997124,6096,25,20,4,0
Vividly Impromptu,MAXIMUM,18,ULTIMATE CHAIN,S,9989112,6308,1,1,1,0
ULTRA B+K,MAXIMUM,17,EXCESSIVE COMPLETE,S,9984825,0,7,6,0,0
MilK,MAXIMUM,17,EXCESSIVE COMPLETE,S,9968971,5629,4,4,0,0
ランカーキラーガール,MAXIMUM,18,EXCESSIVE COMPLETE,S,9977656,0,7,6,0,0
Call of the World,MAXIMUM,18,EXCESSIVE COMPLETE,AAA+,9850717,0,1,1,0,0
Turn the story,MAXIMUM,18,EXCESSIVE COMPLETE,S,9944174,0,7,7,0,0
Jacob’s Elevator,MAXIMUM,18,EXCESSIVE COMPLETE,S,9977523,0,7,7,0,0
Übertreffen,MAXIMUM,18,PLAYED,B,8425026,5832,1,0,0,0
ЯegreT of MemoRy,MAXIMUM,17,EXCESSIVE COMPLETE,S,9942711,0,1,1,0,0
OZONE,GRAVITY,18,EXCESSIVE COMPLETE,S,9907166,7383,1,1,0,0
Believe In Yourself,GRAVITY,18,EXCESSIVE COMPLETE,AAA+,9830432,5382,2,2,0,0
OUTERHEΛVEN,MAXIMUM,19,EXCESSIVE COMPLETE,S,9934497,7837,18,14,0,0
* Erm， could it be a Spatiotemporal ShockWAVE Syndrome...?,EXHAUST,18,EXCESSIVE COMPLETE,AAA+,9807058,0,4,1,0,0
* Erm， could it be a Spatiotemporal ShockWAVE Syndrome...?,MAXIMUM,20,EXCESSIVE COMPLETE,AAA+,9887591,7590,44,40,0,0
θコトノハθカプセルθ,MAXIMUM,19,EXCESSIVE COMPLETE,S,9912137,8290,3,2,0,0
Teufel,MAXIMUM,18,PLAYED,S,9927371,0,1,0,0,0
Butterfly Twist,EXHAUST,15,ULTIMATE CHAIN,S,9992119,0,2,2,1,0
Butterfly Twist,MAXIMUM,18,EXCESSIVE COMPLETE,S,9979166,5938,9,8,0,0
Pulsar,MAXIMUM,18,PLAYED,AAA+,9860742,0,1,0,0,0
pique,MAXIMUM,18,PLAYED,AAA+,9869739,0,1,0,0,0
PARTY TIME!,MAXIMUM,18,ULTIMATE CHAIN,S,9983202,6496,9,8,1,0
AXION,MAXIMUM,17,ULTIMATE CHAIN,S,9996358,0,4,4,1,0
Nhelv,MAXIMUM,18,EXCESSIVE COMPLETE,S,9966887,0,5,5,0,0
最小三倍完全数,MAXIMUM,18,COMPLETE,AAA+,9880341,0,1,1,0,0
Trill auf G,MAXIMUM,19,EXCESSIVE COMPLETE,AAA+,9885938,0,3,3,0,0
voltississimo,MAXIMUM,19,EXCESSIVE COMPLETE,S,9925314,0,8,8,0,0
Typhoon Craaash!!,EXHAUST,15,PERFECT,S,10000000,0,1,1,0,1
Typhoon Craaash!!,GRAVITY,18,COMPLETE,AAA+,9869960,0,1,1,0,0
太陽曰く燃えよカオス（Sol oscuro ¡Nya! Mix）,MAXIMUM,17,EXCESSIVE COMPLETE,S,9902857,0,1,1,0,0
ロキ,MAXIMUM,17,PERFECT,S,10000000,0,7,7,1,1
ΣgØ,EXHAUST,18,EXCESSIVE COMPLETE,S,9934188,0,2,2,0,0
ΣgØ,MAXIMUM,20,EXCESSIVE COMPLETE,S,9931796,9517,13,12,0,0
ΩVERFLOW,MAXIMUM,18,PLAYED,S,9917463,0,1,0,0,0
Quark,MAXIMUM,17,ULTIMATE CHAIN,S,9994887,6238,12,12,1,0
Ghost Family Living In Graveyard,EXHAUST,17,EXCESSIVE COMPLETE,S,9936224,0,4,2,0,0
Ghost Family Living In Graveyard,MAXIMUM,19,COMPLETE,AAA,9758064,0,3,2,0,0
Sudden Visitor,MAXIMUM,18,PERFECT,S,10000000,0,9,8,2,1
Black Lotus,MAXIMUM,18,EXCESSIVE COMPLETE,S,9966887,0,5,5,0,0
petits fours,MAXIMUM,18,EXCESSIVE COMPLETE,S,9977497,0,2,1,0,0
星の透る夏空に願う,MAXIMUM,18,PLAYED,S,9908637,0,1,0,0,0
MARENOL,MAXIMUM,17,ULTIMATE CHAIN,S,9997685,0,10,10,2,0
Lancelot ～Flame of the Rebellion～,MAXIMUM,19,EXCESSIVE COMPLETE,AAA,9728666,0,4,2,0,0
Dogeza Stairs,MAXIMUM,18,EXCESSIVE COMPLETE,AAA+,9804992,0,1,1,0,0
eighth-slave,MAXIMUM,18,ULTIMATE CHAIN,S,9995545,7346,18,14,5,0
Cynical Joker,MAXIMUM,18,PERFECT,S,10000000,0,17,17,3,1
PIZZATIME,MAXIMUM,17,EXCESSIVE COMPLETE,AAA+,9813762,0,2,2,0,0
mqlo,MAXIMUM,18,EXCESSIVE COMPLETE,S,9904744,0,3,3,0,0
エンゲージ〆ント,MAXIMUM,17,EXCESSIVE COMPLETE,AAA+,9877450,0,1,1,0,0
Sunflower Vibes,MAXIMUM,17,EXCESSIVE COMPLETE,S,9936734,0,2,2,0,0
V Sen5eS,MAXIMUM,18,EXCESSIVE COMPLETE,S,9947873,6765,2,2,0,0
rE:Voltagers,GRAVITY,18,EXCESSIVE COMPLETE,S,9935344,6122,1,1,0,0
empty,MAXIMUM,17,EXCESSIVE COMPLETE,S,9972958,0,1,1,0,0
JǛPITΨR ♃ GЯÃVITÝ,MAXIMUM,18,EXCESSIVE COMPLETE,S,9951690,0,4,4,0,0
ストリーミングハート,MAXIMUM,17,EXCESSIVE COMPLETE,S,9951411,0,1,1,0,0
FIRST：DREAMS,MAXIMUM,18,ULTIMATE CHAIN,S,9986876,0,10,10,1,0
妄想税,MAXIMUM,16,PERFECT,S,10000000,0,9,9,2,1
弱虫モンブラン,MAXIMUM,16,EXCESSIVE COMPLETE,S,9946507,0,2,2,0,0
Into The Madness,MAXIMUM,17,EXCESSIVE COMPLETE,S,9918576,0,5,5,0,0
Cloud Crasher,EXHAUST,16,EXCESSIVE COMPLETE,S,9933679,0,1,1,0,0
Cloud Crasher,GRAVITY,18,EXCESSIVE COMPLETE,S,9938183,6476,3,3,0,0
Circulator,MAXIMUM,17,EXCESSIVE COMPLETE,S,9934306,0,6,6,0,0
Barbless Ego,EXHAUST,15,PLAYED,S,9982471,0,1,0,0,0
Barbless Ego,GRAVITY,18,EXCESSIVE COMPLETE,S,9913526,0,3,3,0,0
To:BrandNewDeadline,MAXIMUM,18,EXCESSIVE COMPLETE,S,9961518,0,2,2,0,0
悪戯センセーション,MAXIMUM,17,EXCESSIVE COMPLETE,S,9990701,0,7,7,0,0
Atropa bella-donna,MAXIMUM,18,EXCESSIVE COMPLETE,S,9925508,0,1,1,0,0
Adrenaline Rush,MAXIMUM,17,EXCESSIVE COMPLETE,S,9966499,0,3,3,0,0
clear:wings,MAXIMUM,17,EXCESSIVE COMPLETE,S,9952531,0,1,1,0,0
Xicholauncher,MAXIMUM,18,EXCESSIVE COMPLETE,AAA+,9897857,0,1,1,0,0
THE凸GENERATOR,MAXIMUM,19,COMPLETE,AAA,9731993,0,6,6,0,0
Chocolate Parade,MAXIMUM,17,EXCESSIVE COMPLETE,S,9912330,0,1,1,0,0
ツマミ戦隊 タテレンジャー,MAXIMUM,18,EXCESSIVE COMPLETE,AAA+,9895833,0,4,4,0,0
Tribal Trial,MAXIMUM,17,EXCESSIVE COMPLETE,S,9956579,0,8,8,0,0
Barbatos,MAXIMUM,18,EXCESSIVE COMPLETE,S,9965548,0,7,7,0,0
アオアラシ,MAXIMUM,18,EXCESSIVE COMPLETE,S,9987381,0,6,6,0,0
Bye or not,MAXIMUM,17,PERFECT,S,10000000,0,10,10,2,1
VIVID DEBUT!,MAXIMUM,17,EXCESSIVE COMPLETE,S,9969495,0,1,1,0,0
Enigma II,MAXIMUM,17,ULTIMATE CHAIN,S,9997704,0,8,8,2,0
Aurolla,MAXIMUM,18,EXCESSIVE COMPLETE,S,9963249,0,3,3,0,0
Sacrifice Escape: 不条理の模倣による感情と代償,MAXIMUM,17,ULTIMATE CHAIN,S,9989473,0,10,10,2,0
50th Memorial Songs -Beginning Story-,VIVID,16,EXCESSIVE COMPLETE,S,9928474,0,1,1,0,0
Sharkbait,EXHAUST,15,EXCESSIVE COMPLETE,S,9972356,0,1,1,0,0
Sharkbait,MAXIMUM,17,EXCESSIVE COMPLETE,S,9941060,0,5,5,0,0
TENKAICHI ULTIMATE BOSSRUSH MEDLEY,MAXIMUM,19,COMPLETE,AAA+,9857896,0,6,6,0,0
ヒカリユリイカ,MAXIMUM,16,ULTIMATE CHAIN,S,9993306,0,1,1,1,0
び,MAXIMUM,18,EXCESSIVE COMPLETE,S,9911385,0,8,6,0,0
ベビーステップ,MAXIMUM,17,EXCESSIVE COMPLETE,S,9995523,0,4,4,0,0
ARROW RAIN feat. ayame,MAXIMUM,18,COMPLETE,AAA,9767146,0,2,1,0,0
Enjoy This Time,MAXIMUM,17,PERFECT,S,10000000,5748,17,17,3,1
On take SUN,MAXIMUM,18,EXCESSIVE COMPLETE,AAA+,9880174,0,1,1,0,0
怪盗Ｆの台本～消えたダイヤの謎～,MAXIMUM,18,EXCESSIVE COMPLETE,S,9971313,0,6,6,0,0
君は Fantasista,MAXIMUM,17,EXCESSIVE COMPLETE,S,9995265,0,4,4,0,0
GaLaXyEggPlanT,MAXIMUM,18,EXCESSIVE COMPLETE,S,9955752,0,2,2,0,0
GALAXY BURST,MAXIMUM,18,EXCESSIVE COMPLETE,S,9942388,0,3,3,0,0
クレイジークレイジーダンサーズ,MAXIMUM,17,EXCESSIVE COMPLETE,S,9969644,0,2,2,0,0
消失(Hommarju Remix),MAXIMUM,18,EXCESSIVE COMPLETE,S,9955858,0,5,5,0,0
Jack-the-Ripper◆,EXHAUST,16,COMPLETE,S,9960132,0,1,1,0,0
Jack-the-Ripper◆,MAXIMUM,18,EXCESSIVE COMPLETE,S,9945527,0,4,4,0,0
全力ハッピーライフ,MAXIMUM,17,EXCESSIVE COMPLETE,S,9990684,0,2,2,0,0
Believe (y)our Wings {V:IVID RAYS},MAXIMUM,17,EXCESSIVE COMPLETE,AAA+,9805542,0,1,1,0,0
Believe (y)our Wings {GRA5P WAVES},MAXIMUM,17,EXCESSIVE COMPLETE,S,9952215,0,3,2,0,0
Princess Lily,MAXIMUM,17,COMPLETE,S,9975113,0,1,1,0,0
真夏の蜜と唇 fm. 希望の星は青霄に昇る,MAXIMUM,17,EXCESSIVE COMPLETE,AAA+,9846534,0,1,1,0,0
lEyl,MAXIMUM,18,ULTIMATE CHAIN,S,9980009,0,10,10,1,0
Revolution,MAXIMUM,17,ULTIMATE CHAIN,S,9984147,0,8,8,2,0
V,MAXIMUM,18,EXCESSIVE COMPLETE,S,9923884,0,4,4,0,0
ULTRAVELOCITY,MAXIMUM,18,EXCESSIVE COMPLETE,S,9905462,0,2,1,0,0
ΣmbryØ,EXHAUST,18,EXCESSIVE COMPLETE,S,9957592,0,6,5,0,0
ΣmbryØ,MAXIMUM,20,EXCESSIVE COMPLETE,S,9901110,9042,32,26,0,0
Cross Fire,EXHAUST,17,EXCESSIVE COMPLETE,S,9956999,0,4,3,0,0
Cross Fire,MAXIMUM,19,EXCESSIVE COMPLETE,S,9911690,0,8,4,0,0
GODHEART,EXHAUST,17,EXCESSIVE COMPLETE,S,9949053,0,3,2,0,0
GODHEART,MAXIMUM,19,EXCESSIVE COMPLETE,S,9905362,0,7,6,0,0
THE HEAVEN,MAXIMUM,18,EXCESSIVE COMPLETE,S,9955522,0,7,5,0,0
祝福の色彩は想い結ぶ君たち迄,MAXIMUM,18,PLAYED,AAA+,9850062,0,1,0,0,0
Destiny,EXHAUST,16,PERFECT,S,10000000,0,4,4,2,1
Destiny,MAXIMUM,18,ULTIMATE CHAIN,S,9992104,7538,27,23,1,0
*Feels Seasickness...*,EXHAUST,18,EXCESSIVE COMPLETE,AAA+,9875989,0,2,1,0,0
*Feels Seasickness...*,MAXIMUM,20,EXCESSIVE COMPLETE,AAA+,9817828,8168,24,17,0,0
ゴーストルール,MAXIMUM,17,EXCESSIVE COMPLETE,S,9987792,0,9,8,0,0
すろぉもぉしょん,MAXIMUM,17,ULTIMATE CHAIN,S,9984237,0,5,5,1,0
セイシュンライナー,MAXIMUM,17,EXCESSIVE COMPLETE,S,9973204,0,2,2,0,0
モザイクロール,MAXIMUM,16,PERFECT,S,10000000,0,1,1,0,1
ALTONA,GRAVITY,18,EXCESSIVE COMPLETE,S,9949976,6190,1,1,0,0
She Turns Me On,GRAVITY,18,ULTIMATE CHAIN,S,9997838,6722,11,6,3,0
真っ白な靴,GRAVITY,18,COMPLETE,AAA+,9800242,6363,1,1,0,0
REDO the NIGHT,GRAVITY,18,EXCESSIVE COMPLETE,S,9984859,7292,2,1,0,0
アンハッピーリフレイン,MAXIMUM,17,PERFECT,S,10000000,0,6,6,3,1
Twilight ∞ nighT,MAXIMUM,17,PERFECT,S,10000000,0,2,2,1,1
Poison AND÷OR Affection,MAXIMUM,17,EXCESSIVE COMPLETE,S,9975806,5920,7,7,0,0
ローリンガール,MAXIMUM,16,PERFECT,S,10000000,0,3,3,1,1
Catch Our Fire!,MAXIMUM,18,EXCESSIVE COMPLETE,S,9963890,0,3,3,0,0
Divine's or Deal,MAXIMUM,18,EXCESSIVE COMPLETE,AAA,9781408,0,1,1,0,0
ファイナルレター,MAXIMUM,18,ULTIMATE CHAIN,S,9981042,0,6,5,1,0
ブチ上げ候！現代忍者三姉妹,MAXIMUM,17,EXCESSIVE COMPLETE,S,9991462,0,2,2,0,0
Musha Vibration,MAXIMUM,17,EXCESSIVE COMPLETE,S,9989788,0,9,9,0,0
†渚の小悪魔ラヴリィ～レイディオ†,MAXIMUM,18,EXCESSIVE COMPLETE,S,9979035,6648,6,6,0,0
Midnight City Warfare,MAXIMUM,18,COMPLETE,AAA+,9853455,0,1,1,0,0
ouroboros -twin stroke of the end-,MAXIMUM,18,EXCESSIVE COMPLETE,S,9953022,0,4,4,0,0
逆月,EXHAUST,17,ULTIMATE CHAIN,S,9987722,0,3,3,1,0
逆月,MAXIMUM,19,EXCESSIVE COMPLETE,S,9955607,7043,9,9,0,0
Xevel,MAXIMUM,18,EXCESSIVE COMPLETE,S,9961038,0,7,7,0,0
Taiko Drum Monster,MAXIMUM,18,EXCESSIVE COMPLETE,S,9911875,0,3,3,0,0
Elemental Creation,EXHAUST,17,EXCESSIVE COMPLETE,S,9971636,0,3,3,0,0
Elemental Creation,MAXIMUM,19,EXCESSIVE COMPLETE,S,9966252,0,16,15,0,0
Empathetic,MAXIMUM,17,EXCESSIVE COMPLETE,S,9973304,0,1,1,0,0
お米の美味しい炊き方、そしてお米を食べることによるその効果。,MAXIMUM,18,EXCESSIVE COMPLETE,S,9924859,0,1,1,0,0
GAIA,MAXIMUM,18,ULTIMATE CHAIN,S,9992997,7156,17,16,3,0
Synergy For Angels,MAXIMUM,17,EXCESSIVE COMPLETE,S,9950525,0,1,1,0,0
STULTI,MAXIMUM,18,ULTIMATE CHAIN,S,9997517,6090,37,34,7,0
創世ノート,MAXIMUM,17,EXCESSIVE COMPLETE,S,9989504,0,2,2,0,0
ラキラキ,MAXIMUM,17,EXCESSIVE COMPLETE,S,9977139,0,4,4,0,0
Invisible Bullets,MAXIMUM,17,PERFECT,S,10000000,0,5,5,2,1
Venomous Firefly,MAXIMUM,18,EXCESSIVE COMPLETE,S,9937374,0,13,13,0,0
Tic Exe,MAXIMUM,17,ULTIMATE CHAIN,S,9994366,0,3,3,1,0
Night Rockin' Bird,MAXIMUM,18,EXCESSIVE COMPLETE,S,9952267,6366,4,3,0,0
Nostalgic Blood of the Strife,MAXIMUM,18,ULTIMATE CHAIN,S,9968003,7210,23,23,1,0
Akzeriyyuth,MAXIMUM,18,PERFECT,S,10000000,6206,24,21,0,1
異世界ノットパンピー,MAXIMUM,16,PERFECT,S,10000000,0,2,2,0,1
嘘とぬいぐるみ,MAXIMUM,16,PERFECT,S,10000000,0,9,9,4,1
Coldlapse,MAXIMUM,17,ULTIMATE CHAIN,S,9994117,0,3,3,2,0
No way,MAXIMUM,17,ULTIMATE CHAIN,S,9994242,0,11,10,2,0
4NT1 D34D,MAXIMUM,16,ULTIMATE CHAIN,S,9995644,3759,9,8,1,0
Breakin' Asia,MAXIMUM,18,EXCESSIVE COMPLETE,S,9992348,7159,19,18,0,0
蓬莱フェスティボー,MAXIMUM,17,EXCESSIVE COMPLETE,S,9953440,0,4,4,0,0
Lunatic Sprinter,MAXIMUM,18,EXCESSIVE COMPLETE,AAA+,9865771,0,1,1,0,0
星座が恋した瞬間を。,MAXIMUM,17,PERFECT,S,10000000,0,2,2,0,1
Puberty Dysthymia,MAXIMUM,18,COMPLETE,AAA+,9833864,0,1,1,0,0
風鈴花火,MAXIMUM,16,ULTIMATE CHAIN,S,9996653,0,1,1,1,0
Prey,MAXIMUM,18,EXCESSIVE COMPLETE,S,9957816,0,6,6,0,0
Life is beautiful,MAXIMUM,17,EXCESSIVE COMPLETE,S,9951947,0,3,3,0,0
Rejoin,MAXIMUM,17,EXCESSIVE COMPLETE,S,9938391,0,3,3,0,0
Sleepless days,MAXIMUM,17,PERFECT,S,10000000,0,6,6,0,1
MAXIVCORD,MAXIMUM,17,EXCESSIVE COMPLETE,S,9968017,0,2,2,0,0
Black night,MAXIMUM,18,ULTIMATE CHAIN,S,9986876,0,9,9,2,0
Liévre -blanche-,MAXIMUM,17,EXCESSIVE COMPLETE,S,9984084,0,2,2,0,0
Another Chapter,MAXIMUM,17,PERFECT,S,10000000,0,4,3,0,1
Absolute Domination,EXHAUST,17,ULTIMATE CHAIN,S,9990831,5879,11,10,3,0
Absolute Domination,MAXIMUM,19,EXCESSIVE COMPLETE,AAA+,9858205,7420,27,25,0,0
オニユリ,MAXIMUM,18,EXCESSIVE COMPLETE,S,9929078,0,3,1,0,0
Xronièr,EXHAUST,18,EXCESSIVE COMPLETE,AAA,9746153,0,2,1,0,0
Xronièr,MAXIMUM,20,EXCESSIVE COMPLETE,AAA+,9854559,7873,35,32,0,0
コメット⇒スケイター,MAXIMUM,17,EXCESSIVE COMPLETE,S,9957603,0,9,8,0,0
サイコパスラビット,MAXIMUM,18,PLAYED,S,9911521,0,3,0,0,0
水簾ノ調,MAXIMUM,18,PERFECT,S,10000000,7513,22,21,3,1
スラッシュ//シスターズ,MAXIMUM,18,ULTIMATE CHAIN,S,9996379,7020,12,7,1,0
そして黄金郷へ,MAXIMUM,18,PLAYED,AAA+,9816838,0,1,0,0,0
光射す澪のユズリハ,EXHAUST,16,EXCESSIVE COMPLETE,S,9969733,0,1,1,0,0
光射す澪のユズリハ,MAXIMUM,18,PLAYED,AAA+,9890841,0,2,0,0,0
Failnaught,EXHAUST,17,PLAYED,S,9914903,0,1,0,0,0
Failnaught,MAXIMUM,19,EXCESSIVE COMPLETE,S,9903921,0,6,5,0,0
Fly Like You,EXHAUST,17,EXCESSIVE COMPLETE,S,9960677,0,1,1,0,0
Fly Like You,MAXIMUM,19,EXCESSIVE COMPLETE,S,9923857,0,17,15,0,0
Made In Love,MAXIMUM,17,ULTIMATE CHAIN,S,9991471,6544,17,16,2,0
FREEDOM DiVE,EXHAUST,17,ULTIMATE CHAIN,S,9992753,0,7,7,3,0
FREEDOM DiVE,MAXIMUM,19,EXCESSIVE COMPLETE,S,9973136,9578,26,26,0,0
Dark Matter,MAXIMUM,17,ULTIMATE CHAIN,S,9997154,0,21,21,5,0
ひとりぼっちの魔王,MAXIMUM,16,EXCESSIVE COMPLETE,S,9921875,0,1,1,0,0
ホワイトパレード,MAXIMUM,18,ULTIMATE CHAIN,S,9988201,0,24,24,4,0
Justitia Gladius,MAXIMUM,17,EXCESSIVE COMPLETE,S,9956816,0,2,2,0,0
Victim of Nights,MAXIMUM,18,PERFECT,S,10000000,0,5,5,2,1
少女綺想曲 -G.X.N. Remix-,MAXIMUM,17,ULTIMATE CHAIN,S,9987100,0,3,3,1,0
BLAZING_LAZER,EXHAUST,16,EXCESSIVE COMPLETE,S,9989488,0,3,3,0,0
BLAZING_LAZER,MAXIMUM,18,ULTIMATE CHAIN,S,9993240,6239,38,36,2,0
Melty Sweets,MAXIMUM,17,ULTIMATE CHAIN,S,9992857,0,9,9,2,0
Reb∞t,EXHAUST,16,EXCESSIVE COMPLETE,S,9966058,0,1,1,0,0
Reb∞t,GRAVITY,18,EXCESSIVE COMPLETE,AAA+,9894695,0,2,2,0,0
KIMIDORI Streak!!,MAXIMUM,18,PERFECT,S,10000000,0,8,7,1,1
Gate of Atlantis,EXHAUST,15,COMPLETE,AAA,9794117,0,1,1,0,0
失敗作少女,MAXIMUM,17,PERFECT,S,10000000,0,13,13,4,1
Secret Traveler -MeniRemix-,MAXIMUM,17,EXCESSIVE COMPLETE,S,9962805,0,3,2,0,0
Knights Assault,MAXIMUM,17,ULTIMATE CHAIN,S,9990202,0,1,1,1,0
プレインエイジア(MRM REMIX),MAXIMUM,17,EXCESSIVE COMPLETE,S,9971830,0,6,6,0,0
見世物ライフ,MAXIMUM,17,PERFECT,S,10000000,0,2,2,0,1
MeteorGlow Aftermath,MAXIMUM,18,EXCESSIVE COMPLETE,AAA+,9845583,0,1,1,0,0
ECHIDNA,MAXIMUM,18,ULTIMATE CHAIN,S,9970318,0,13,13,3,0
Chrono Diver -PENDULUMs-,EXHAUST,17,ULTIMATE CHAIN,S,9997116,0,3,3,2,0
Chrono Diver -PENDULUMs-,MAXIMUM,19,EXCESSIVE COMPLETE,S,9977029,8393,24,21,0,0
Nexta,GRAVITY,18,EXCESSIVE COMPLETE,S,9976724,0,1,1,0,0
ILL-STARRED Diver,MAXIMUM,17,ULTIMATE CHAIN,S,9996817,0,7,7,1,0
煙,MAXIMUM,17,EXCESSIVE COMPLETE,S,9923155,0,2,2,0,0
SUPER BUBBLE JOURNEY,MAXIMUM,17,ULTIMATE CHAIN,S,9981791,0,5,5,1,0
Touch My Body,EXHAUST,15,ULTIMATE CHAIN,S,9990850,0,1,1,1,0
Touch My Body,MAXIMUM,18,EXCESSIVE COMPLETE,S,9982678,0,16,16,0,0
誰が為に兎は舞う＝狂速狂騒曲＝,MAXIMUM,18,ULTIMATE CHAIN,S,9982262,0,6,6,2,0
Blue Stream,MAXIMUM,17,ULTIMATE CHAIN,S,9962658,0,2,2,1,0
片翼のディザイア,MAXIMUM,17,PERFECT,S,10000000,0,6,6,2,1
LastΩmegA,MAXIMUM,18,EXCESSIVE COMPLETE,S,9965650,0,5,5,0,0
Redshift,MAXIMUM,18,ULTIMATE CHAIN,S,9989588,1582,8,7,1,0
アワデコノヨヲ,MAXIMUM,17,EXCESSIVE COMPLETE,S,9988692,0,1,1,0,0
Iridescent Clouds,MAXIMUM,17,EXCESSIVE COMPLETE,S,9943518,0,2,2,0,0
SAtAN,MAXIMUM,18,EXCESSIVE COMPLETE,S,9938362,0,10,9,0,0
Divine's:Bugscript,MAXIMUM,18,EXCESSIVE COMPLETE,AAA+,9877477,0,4,4,0,0
Dreaming feat. nomico,MAXIMUM,17,PERFECT,S,10000000,0,3,3,0,1
Arcade Prison,MAXIMUM,17,ULTIMATE CHAIN,S,9990215,0,4,4,1,0
Evans,MAXIMUM,18,ULTIMATE CHAIN,S,9977616,5992,7,7,1,0
Oriens,MAXIMUM,17,ULTIMATE CHAIN,S,9976635,0,2,2,1,0
Decoy,EXHAUST,14,PERFECT,S,10000000,0,1,1,0,1
Decoy,MAXIMUM,17,PERFECT,S,10000000,0,10,10,1,2
New Leaf,MAXIMUM,18,EXCESSIVE COMPLETE,S,9969281,0,6,6,0,0
β,MAXIMUM,17,EXCESSIVE COMPLETE,S,9988361,0,5,5,0,0
RHYZING BEAT,MAXIMUM,18,EXCESSIVE COMPLETE,S,9958170,0,9,9,0,0
Re：End of a Dream,EXHAUST,16,EXCESSIVE COMPLETE,S,9950443,0,1,1,0,0
Re：End of a Dream,MAXIMUM,18,ULTIMATE CHAIN,S,9983728,7766,26,26,1,0
業焔繚乱,GRAVITY,18,EXCESSIVE COMPLETE,S,9973455,0,3,3,0,0
Sky High,MAXIMUM,18,EXCESSIVE COMPLETE,AAA,9779811,0,1,1,0,0
Phlox,MAXIMUM,17,PERFECT,S,10000000,0,3,3,0,1
BELOBOG,EXHAUST,17,ULTIMATE CHAIN,S,9977362,0,1,1,1,0
BELOBOG,MAXIMUM,19,EXCESSIVE COMPLETE,S,9910324,0,10,10,0,0
蟲の棲む処,EXHAUST,15,EXCESSIVE COMPLETE,S,9987725,0,1,1,0,0
蟲の棲む処,MAXIMUM,17,PERFECT,S,10000000,0,14,14,5,1
Royal Judgement,GRAVITY,17,ULTIMATE CHAIN,S,9994775,6424,22,21,6,0
ロプノールの商隊,MAXIMUM,17,EXCESSIVE COMPLETE,S,9950900,0,1,1,0,0
分けるな危険！モモモモモモーイズム,MAXIMUM,17,ULTIMATE CHAIN,S,9997159,0,3,2,1,0
Awakening,EXHAUST,17,PLAYED,S,9972866,0,1,0,0,0
Awakening,MAXIMUM,19,EXCESSIVE COMPLETE,S,9924340,0,10,8,0,0
Wings of Glory,MAXIMUM,18,EXCESSIVE COMPLETE,S,9956389,0,5,4,0,0
crossing blue,MAXIMUM,18,EXCESSIVE COMPLETE,S,9925000,0,5,4,0,0
Xéroa,EXHAUST,17,ULTIMATE CHAIN,S,9972443,0,2,1,1,0
Xéroa,MAXIMUM,19,COMPLETE,AAA,9730807,0,9,4,0,0
BlueMoon Princess,MAXIMUM,18,EXCESSIVE COMPLETE,S,9980349,0,9,8,0,0
プラネタジャーニー,MAXIMUM,17,PERFECT,S,10000000,0,25,23,3,1
メルヘン風紀委員会,MAXIMUM,17,EXCESSIVE COMPLETE,S,9976887,0,7,6,0,0
Яe's NoVǢ,MAXIMUM,18,ULTIMATE CHAIN,S,9967143,0,10,9,1,0
からくりピエロ,EXHAUST,12,PERFECT,S,10000000,0,1,1,0,1
からくりピエロ,MAXIMUM,16,PERFECT,S,10000000,0,4,4,1,1
GERBERA-For Finalists-,EXHAUST,17,EXCESSIVE COMPLETE,S,9969604,0,1,1,0,0
GERBERA-For Finalists-,MAXIMUM,19,COMPLETE,AAA,9753038,0,2,2,0,0
Libera me,MAXIMUM,17,EXCESSIVE COMPLETE,S,9944831,0,1,1,0,0
ワールズエンド・ダンスホール,EXHAUST,14,PERFECT,S,10000000,0,1,1,0,1
ワールズエンド・ダンスホール,MAXIMUM,18,EXCESSIVE COMPLETE,S,9977249,5599,15,14,0,0
I,EXHAUST,18,EXCESSIVE COMPLETE,S,9963235,0,16,15,0,0
I,MAXIMUM,20,EXCESSIVE COMPLETE,AAA+,9891064,9310,68,57,0,0
A Lasting Promise,EXHAUST,17,ULTIMATE CHAIN,S,9985414,0,4,3,1,0
A Lasting Promise,MAXIMUM,19,EXCESSIVE COMPLETE,AAA+,9838472,6698,12,10,0,0
CUTE-Reflection,MAXIMUM,17,ULTIMATE CHAIN,S,9991735,0,6,5,1,0
Cloud 9,MAXIMUM,18,PLAYED,AAA+,9843826,0,1,0,0,0
Sacrifice and Faith,MAXIMUM,18,EXCESSIVE COMPLETE,S,9962139,0,5,4,0,0
神話に芽吹く,EXHAUST,15,ULTIMATE CHAIN,S,9981738,0,1,1,1,0
神話に芽吹く,MAXIMUM,18,PLAYED,AAA,9789118,0,2,0,0,0
僕らの時間,MAXIMUM,17,ULTIMATE CHAIN,S,9989754,0,6,5,1,0
羅生門,MAXIMUM,17,ULTIMATE CHAIN,S,9986573,0,3,2,1,0
Last Resort,EXHAUST,17,EXCESSIVE COMPLETE,S,9978499,0,6,5,0,0
Last Resort,MAXIMUM,19,EXCESSIVE COMPLETE,AAA+,9882478,0,17,14,0,0
BREAKNECK NY☆N! NY★N!,EXHAUST,15,PERFECT,S,10000000,0,1,1,0,1
BREAKNECK NY☆N! NY★N!,MAXIMUM,17,ULTIMATE CHAIN,S,9997945,6607,32,32,10,0
planetarium,MAXIMUM,17,EXCESSIVE COMPLETE,S,9945145,0,3,3,0,0
Random Box,MAXIMUM,16,EXCESSIVE COMPLETE,S,9949771,0,1,1,0,0
CARNIVOROUS,MAXIMUM,17,ULTIMATE CHAIN,S,9996740,0,2,2,1,0
SPACE VILLAGE,MAXIMUM,17,EXCESSIVE COMPLETE,S,9949937,0,1,1,0,0
それは花火のような恋,MAXIMUM,17,EXCESSIVE COMPLETE,S,9974580,0,8,8,0,0
びいすと！,MAXIMUM,18,PERFECT,S,10000000,5887,30,28,1,1
VOLTEXES IV,MAXIMUM,17,ULTIMATE CHAIN,S,9996431,0,10,9,4,0
Lost wing at.0,MAXIMUM,17,EXCESSIVE COMPLETE,S,9958647,0,3,3,0,0
cobalt,MAXIMUM,17,EXCESSIVE COMPLETE,S,9984529,0,1,1,0,0
НУМЛ,MAXIMUM,18,PLAYED,AAA+,9893985,0,1,0,0,0
極彩天奏,MAXIMUM,18,EXCESSIVE COMPLETE,AAA+,9883653,0,1,1,0,0
Zelophilia,MAXIMUM,17,EXCESSIVE COMPLETE,S,9906812,0,4,4,0,0
ツキアカリ,MAXIMUM,17,ULTIMATE CHAIN,S,9997149,5567,15,15,7,0
ボーイミーツ・ブルー,MAXIMUM,17,ULTIMATE CHAIN,S,9994791,0,4,4,2,0
ルミナスデイズ,EXHAUST,12,PERFECT,S,10000000,0,1,1,0,1
ルミナスデイズ,MAXIMUM,16,PERFECT,S,10000000,0,5,5,1,1
Lowermost revolt,MAXIMUM,18,EXCESSIVE COMPLETE,S,9960456,0,7,7,0,0
Royal Action,MAXIMUM,17,ULTIMATE CHAIN,S,9996980,0,28,28,4,0
KAC 2013 ULTIMATE MEDLEY -HISTORIA SOUND VOLTEX- Empress Side,EXHAUST,18,EXCESSIVE COMPLETE,S,9910044,0,7,7,0,0
KAC 2013 ULTIMATE MEDLEY -HISTORIA SOUND VOLTEX- Empress Side,MAXIMUM,19,PLAYED,AA+,9513274,0,2,0,0,0
おにいちゃんハイテック,MAXIMUM,17,PERFECT,S,10000000,0,10,9,3,1
Chaotic Romance,MAXIMUM,17,EXCESSIVE COMPLETE,S,9989790,0,2,2,0,0
Khionos TiARA,MAXIMUM,18,EXCESSIVE COMPLETE,S,9904564,0,5,5,0,0
Goddess Bless you,EXHAUST,15,EXCESSIVE COMPLETE,S,9968119,0,1,1,0,0
Goddess Bless you,MAXIMUM,18,EXCESSIVE COMPLETE,AAA+,9835766,0,1,1,0,0
Xibercannon,MAXIMUM,17,EXCESSIVE COMPLETE,S,9961769,0,2,2,0,0
Destruction & Qreation,MAXIMUM,17,EXCESSIVE COMPLETE,S,9948917,0,1,1,0,0
DropZ-Line-,EXHAUST,16,ULTIMATE CHAIN,S,9996087,0,3,3,1,0
DropZ-Line-,MAXIMUM,18,EXCESSIVE COMPLETE,S,9972010,6328,26,26,0,0
Be a Hero!,MAXIMUM,18,EXCESSIVE COMPLETE,S,9980883,0,5,5,0,0
PIERROT KNIfE,MAXIMUM,17,ULTIMATE CHAIN,S,9997481,0,9,9,4,0
OPEN MY GATE,MAXIMUM,18,EXCESSIVE COMPLETE,S,9910423,0,4,3,0,0
All Clear!!,MAXIMUM,17,EXCESSIVE COMPLETE,S,9959534,0,8,7,0,0
Cy-Bird,MAXIMUM,17,ULTIMATE CHAIN,S,9988801,0,6,5,1,0
#SpeedyCats,MAXIMUM,18,EXCESSIVE COMPLETE,AAA+,9892944,0,5,4,0,0
TWO-TORIAL,EXHAUST,17,ULTIMATE CHAIN,S,9981458,0,13,13,1,0
TWO-TORIAL,MAXIMUM,19,EXCESSIVE COMPLETE,S,9906478,6769,17,15,0,0
Hug!! Vs. Hug!!,MAXIMUM,18,EXCESSIVE COMPLETE,AAA+,9892441,0,2,1,0,0
BEAST BASS BOMB,EXHAUST,15,EXCESSIVE COMPLETE,S,9981203,0,3,2,0,0
BEAST BASS BOMB,MAXIMUM,18,EXCESSIVE COMPLETE,S,9927331,0,7,6,0,0
Far Away,MAXIMUM,17,EXCESSIVE COMPLETE,S,9963924,0,5,4,0,0
闇夜に舞うは紅の華,MAXIMUM,17,EXCESSIVE COMPLETE,S,9964838,0,3,2,0,0
GERBERA,MAXIMUM,18,EXCESSIVE COMPLETE,S,9958573,0,23,16,0,0
QUAKE,MAXIMUM,17,PERFECT,S,10000000,0,16,16,5,1
Fairy in Strasbourg,MAXIMUM,16,ULTIMATE CHAIN,S,9989231,0,4,4,2,0
Poppin’Cats!!,MAXIMUM,17,ULTIMATE CHAIN,S,9970622,0,4,4,2,0
怒槌,MAXIMUM,18,EXCESSIVE COMPLETE,S,9985603,9816,24,24,0,0
Scarlet Lance,MAXIMUM,18,EXCESSIVE COMPLETE,S,9960793,0,11,11,0,0
セイクリッド ルイン,MAXIMUM,18,ULTIMATE CHAIN,S,9990043,0,16,16,1,0
炎夏の音,MAXIMUM,17,EXCESSIVE COMPLETE,S,9989733,0,6,6,0,0
テレポーテーションでやってきた彼とのその後の顛末,MAXIMUM,16,ULTIMATE CHAIN,S,9997279,0,1,1,1,0
ペタ靴と憂夜リムーバー,MAXIMUM,17,PERFECT,S,10000000,0,2,2,0,1
キリステゴメン,MAXIMUM,16,ULTIMATE CHAIN,S,9996701,0,4,4,1,0
けもののおうじゃ★めうめう,MAXIMUM,16,PERFECT,S,10000000,0,9,9,1,1
シノビシノノメ,EXHAUST,13,PERFECT,S,10000000,0,1,1,0,1
シノビシノノメ,MAXIMUM,16,PERFECT,S,10000000,0,2,2,0,1
銃弾は解を撃ち抜いて,MAXIMUM,17,ULTIMATE CHAIN,S,9988129,0,3,3,1,0
Drizzly Venom,MAXIMUM,17,ULTIMATE CHAIN,S,9990272,0,2,2,1,0
Ghost Trigger,MAXIMUM,18,EXCESSIVE COMPLETE,AAA+,9885126,0,1,1,0,0
Sadistic Stabbing,MAXIMUM,17,PERFECT,S,10000000,0,3,3,0,1
Time to Air (jazz it up style),MAXIMUM,16,PLAYED,B,7634367,0,1,0,0,0
チルノのパーフェクトさんすう教室　⑨周年バージョン,MAXIMUM,16,EXCESSIVE COMPLETE,S,9990920,0,2,2,0,0
Doppelganger,MAXIMUM,18,EXCESSIVE COMPLETE,S,9938144,0,15,15,0,0
NEON LOVE♥POTION!!!,MAXIMUM,17,ULTIMATE CHAIN,S,9985986,0,4,4,1,0
444,MAXIMUM,17,PERFECT,S,10000000,0,13,13,3,2
WONDER_WOBBLER,EXHAUST,14,EXCESSIVE COMPLETE,S,9984984,0,2,2,0,0
WONDER_WOBBLER,MAXIMUM,17,PERFECT,S,10000000,0,14,14,2,1
のぼれ八坂坂！,MAXIMUM,18,EXCESSIVE COMPLETE,S,9920498,0,4,4,0,0
Apocrypha,MAXIMUM,17,EXCESSIVE COMPLETE,S,9985666,0,5,5,0,0
Grand-Guignol,MAXIMUM,18,EXCESSIVE COMPLETE,S,9923835,0,3,3,0,0
獅子奮迅,MAXIMUM,17,EXCESSIVE COMPLETE,S,9964850,0,3,3,0,0
Spirit of the Beast,MAXIMUM,18,EXCESSIVE COMPLETE,S,9979046,0,6,6,0,0
Fáfnir,EXHAUST,15,PERFECT,S,10000000,0,2,2,0,1
Fáfnir,MAXIMUM,17,PERFECT,S,10000000,0,8,8,3,1
ULTiMATE INFLATiON,MAXIMUM,18,EXCESSIVE COMPLETE,S,9982857,0,17,16,0,0
神獄烙桜,MAXIMUM,18,PLAYED,AAA+,9845360,0,2,0,0,0
Juggler's Maddness,EXHAUST,16,PLAYED,S,9916825,0,1,0,0,0
Juggler's Maddness,MAXIMUM,18,COMPLETE,AAA+,9897562,0,13,7,0,0
Staring at star,EXHAUST,17,ULTIMATE CHAIN,S,9989954,0,7,7,2,0
Staring at star,MAXIMUM,19,EXCESSIVE COMPLETE,S,9962624,8002,32,28,0,0
セイレーン ～悲壮の竪琴～,EXHAUST,17,EXCESSIVE COMPLETE,S,9954627,0,3,2,0,0
セイレーン ～悲壮の竪琴～,MAXIMUM,19,COMPLETE,AAA,9781092,0,4,3,0,0
Dyscontrolled Galaxy,EXHAUST,17,EXCESSIVE COMPLETE,S,9969427,0,12,11,0,0
Dyscontrolled Galaxy,MAXIMUM,19,EXCESSIVE COMPLETE,AAA+,9824601,0,19,16,0,0
Deadly force,EXHAUST,17,ULTIMATE CHAIN,S,9986893,4672,12,11,5,0
Deadly force,MAXIMUM,19,EXCESSIVE COMPLETE,AAA+,9890326,0,15,13,0,0
FIN4LE ～終止線の彼方へ～,EXHAUST,18,EXCESSIVE COMPLETE,S,9917330,0,4,3,0,0
FIN4LE ～終止線の彼方へ～,MAXIMUM,20,EXCESSIVE COMPLETE,AAA,9798270,7182,56,50,0,0
WHITEOUT,EXHAUST,18,EXCESSIVE COMPLETE,S,9924277,0,5,4,0,0
WHITEOUT,MAXIMUM,20,EXCESSIVE COMPLETE,AAA+,9867743,8953,74,70,0,0
Mirrorwall,MAXIMUM,18,PLAYED,AAA+,9800194,0,2,0,0,0
Altale,MAXIMUM,17,ULTIMATE CHAIN,S,9989966,0,18,18,4,0
PUPA,EXHAUST,16,ULTIMATE CHAIN,S,9994259,0,9,9,5,0
PUPA,MAXIMUM,18,ULTIMATE CHAIN,S,9980752,7496,36,36,1,0
Game Over,EXHAUST,14,PERFECT,S,10000000,0,1,1,0,1
Game Over,MAXIMUM,17,ULTIMATE CHAIN,S,9994404,0,11,11,2,0
rhythmology study,MAXIMUM,17,EXCESSIVE COMPLETE,S,9915202,0,3,3,0,0
SACRIFICE feat. ayame,EXHAUST,14,PERFECT,S,10000000,0,3,3,1,1
SACRIFICE feat. ayame,MAXIMUM,18,EXCESSIVE COMPLETE,S,9959183,0,14,13,0,0
廃獄ドリームランド,MAXIMUM,17,ULTIMATE CHAIN,S,9991558,0,4,4,2,0
Burn everything,MAXIMUM,16,ULTIMATE CHAIN,S,9995044,0,2,2,1,0
オンディーヌの泪,MAXIMUM,17,EXCESSIVE COMPLETE,S,9985489,0,7,4,0,0
Gorgetech,MAXIMUM,18,EXCESSIVE COMPLETE,S,9936823,0,3,3,0,0
Sweet Requiem,EXHAUST,16,EXCESSIVE COMPLETE,S,9966147,0,1,1,0,0
Sweet Requiem,MAXIMUM,18,ULTIMATE CHAIN,S,9981809,7263,27,24,5,0
Finale,MAXIMUM,17,EXCESSIVE COMPLETE,S,9991666,0,2,2,0,0
FIRE IN MY HEART,MAXIMUM,18,COMPLETE,S,9921700,0,3,3,0,0
幽玄の桜,MAXIMUM,17,ULTIMATE CHAIN,S,9994382,5138,8,8,3,0
雷鼓サンダービート,MAXIMUM,18,EXCESSIVE COMPLETE,S,9968671,0,4,4,0,0
Vigor,MAXIMUM,17,ULTIMATE CHAIN,S,9990500,0,7,7,1,0
The Golden Era,EXHAUST,15,PERFECT,S,10000000,0,2,2,1,1
The Golden Era,MAXIMUM,18,EXCESSIVE COMPLETE,AAA+,9865633,0,1,1,0,0
405nm(Shu※mix),MAXIMUM,17,ULTIMATE CHAIN,S,9994720,0,11,11,2,0
Mind Mapping(ag Remix),MAXIMUM,16,EXCESSIVE COMPLETE,S,9950923,0,1,1,0,0
Technical Master,EXHAUST,14,ULTIMATE CHAIN,S,9996062,0,2,2,1,0
Technical Master,MAXIMUM,17,PERFECT,S,10000000,0,12,12,4,1
物凄いスペースシャトルでこいしが物凄いうた,EXHAUST,15,PERFECT,S,10000000,0,3,3,1,1
物凄いスペースシャトルでこいしが物凄いうた,MAXIMUM,17,EXCESSIVE COMPLETE,S,9993734,6541,15,15,0,0
Voltage Higher,MAXIMUM,17,EXCESSIVE COMPLETE,S,9987841,0,8,8,0,0
Junk Mania,EXHAUST,15,PERFECT,S,10000000,0,6,6,2,1
Junk Mania,MAXIMUM,17,PERFECT,S,10000000,0,11,11,3,1
雪月花 (Shiron & Sound Artz Remix),MAXIMUM,16,ULTIMATE CHAIN,S,9992044,0,5,5,1,0
Narcissus At Oasis (Freezer Remix),MAXIMUM,16,ULTIMATE CHAIN,S,9996589,4178,5,5,1,0
The Formula,MAXIMUM,18,EXCESSIVE COMPLETE,S,9957494,0,4,4,0,0
Inscape,MAXIMUM,17,ULTIMATE CHAIN,S,9988276,0,3,3,1,0
VAMPIRE,MAXIMUM,16,ULTIMATE CHAIN,S,9992242,0,5,5,1,0
クリスタルミサイル,MAXIMUM,14,COMPLETE,S,9992006,0,1,1,0,0
Smoked Turkey Rag,MAXIMUM,17,ULTIMATE CHAIN,S,9991263,0,5,5,3,0
Cepheus,MAXIMUM,18,COMPLETE,AAA+,9869358,0,2,2,0,0
FLOOR INFECTION Medley from SOUND VOLTEX×jubeat,EXHAUST,17,EXCESSIVE COMPLETE,S,9943019,0,1,1,0,0
FLOOR INFECTION Medley from SOUND VOLTEX×jubeat,MAXIMUM,18,EXCESSIVE COMPLETE,S,9968287,0,3,3,0,0
sink into the dream,MAXIMUM,17,PLAYED,S,9963636,0,2,0,0,0
Genesis At Oasis (Hirayasu Matsudo Remix),MAXIMUM,16,COMPLETE,S,9943246,0,1,1,0,0
パンダヒーロー,EXHAUST,10,PERFECT,S,10000000,0,1,1,0,1
パンダヒーロー,MAXIMUM,15,PERFECT,S,10000000,0,5,5,3,1
マトリョシカ,MAXIMUM,16,PERFECT,S,10000000,0,2,2,0,1
Line 4 Ruin -kohumix-,MAXIMUM,17,EXCESSIVE COMPLETE,S,9994577,5831,5,4,0,0
ナナイロライト,EXHAUST,12,PERFECT,S,10000000,0,1,1,0,1
ナナイロライト,MAXIMUM,15,ULTIMATE CHAIN,S,9992199,0,3,3,1,0
iLLness LiLin,EXHAUST,17,ULTIMATE CHAIN,S,9987080,0,11,11,1,0
iLLness LiLin,MAXIMUM,20,EXCESSIVE COMPLETE,AAA,9782816,7351,75,71,0,0
ΩVERSOUL,MAXIMUM,18,EXCESSIVE COMPLETE,AAA+,9846449,0,7,7,0,0
Gamerz FestivaL,MAXIMUM,18,EXCESSIVE COMPLETE,S,9968085,0,15,14,0,0
Sailing Force,EXHAUST,17,EXCESSIVE COMPLETE,S,9951768,0,3,3,0,0
Sailing Force,MAXIMUM,19,EXCESSIVE COMPLETE,S,9928886,0,7,7,0,0
超☆超☆光☆速☆出☆前☆最☆速!!! スピード★スター★かなで,EXHAUST,17,EXCESSIVE COMPLETE,S,9932768,0,2,2,0,0
超☆超☆光☆速☆出☆前☆最☆速!!! スピード★スター★かなで,MAXIMUM,18,COMPLETE,AAA+,9855100,0,7,6,0,0
Rebellio,EXHAUST,17,ULTIMATE CHAIN,S,9970845,0,3,3,1,0
Rebellio,MAXIMUM,18,COMPLETE,AAA,9795514,0,1,1,0,0
Fly far bounce,MAXIMUM,17,ULTIMATE CHAIN,S,9996276,4663,14,14,5,0
Carry Me Away,MAXIMUM,17,ULTIMATE CHAIN,S,9995034,5836,11,10,3,0
壊Rave*it!! 壊Rave*it!!,MAXIMUM,18,EXCESSIVE COMPLETE,S,9962406,0,9,9,0,0
SO FLY ME TO YOU,MAXIMUM,15,PERFECT,S,10000000,0,3,3,1,1
Boss Rush,MAXIMUM,18,EXCESSIVE COMPLETE,S,9991909,0,11,11,0,0
If,MAXIMUM,17,ULTIMATE CHAIN,S,9978540,0,3,3,1,0
infinite:youniverse,EXHAUST,14,ULTIMATE CHAIN,S,9996956,0,2,2,2,0
infinite:youniverse,MAXIMUM,17,ULTIMATE CHAIN,S,9991326,0,2,2,1,0
Immortal saga,EXHAUST,16,COMPLETE,AAA+,9869536,0,1,1,0,0
Immortal saga,MAXIMUM,19,EXCESSIVE COMPLETE,S,9900047,0,9,8,0,0
Fin.ArcDeaR,EXHAUST,18,EXCESSIVE COMPLETE,S,9977352,6375,11,8,0,0
Fin.ArcDeaR,MAXIMUM,19,EXCESSIVE COMPLETE,S,9932994,7088,17,15,0,0
HE4VEN ～天国へようこそ～,EXHAUST,17,EXCESSIVE COMPLETE,S,9956191,0,13,10,0,0
HE4VEN ～天国へようこそ～,MAXIMUM,20,EXCESSIVE COMPLETE,AAA+,9818342,6934,67,62,0,0
Make Magic,EXHAUST,16,EXCESSIVE COMPLETE,S,9986595,0,4,3,0,0
Make Magic,MAXIMUM,18,EXCESSIVE COMPLETE,S,9972592,7504,9,4,0,0
ケムマキunderground,EXHAUST,15,ULTIMATE CHAIN,S,9990118,0,1,1,1,0
ケムマキunderground,MAXIMUM,17,PERFECT,S,10000000,0,29,28,6,1
デュアルメモリ,EXHAUST,14,PERFECT,S,10000000,0,2,2,1,1
デュアルメモリ,MAXIMUM,17,PERFECT,S,10000000,0,7,7,1,1
Sakura Mirage -Drum'n World-,EXHAUST,14,PERFECT,S,10000000,0,2,2,1,1
Sakura Mirage -Drum'n World-,MAXIMUM,17,ULTIMATE CHAIN,S,9997501,0,16,16,2,0
準備運動,EXHAUST,15,ULTIMATE CHAIN,S,9972299,0,1,1,1,0
準備運動,MAXIMUM,18,EXCESSIVE COMPLETE,S,9942229,0,9,9,0,0
Rebuilding of Paradise Lost,MAXIMUM,17,EXCESSIVE COMPLETE,S,9992668,0,2,2,0,0
黎明スケッチブック,MAXIMUM,17,EXCESSIVE COMPLETE,S,9978281,0,4,3,0,0
ドリームエンド・サバイバー,MAXIMUM,18,ULTIMATE CHAIN,S,9995258,0,7,7,3,0
キュリオシティ,MAXIMUM,18,EXCESSIVE COMPLETE,S,9929800,0,6,6,0,0
Noisy Minority,EXHAUST,16,COMPLETE,S,9936555,0,1,1,0,0
Noisy Minority,MAXIMUM,18,ULTIMATE CHAIN,S,9992750,6510,26,21,1,0
3y3s (JMBS FUNKOT RMX),EXHAUST,14,ULTIMATE CHAIN,S,9989525,0,4,4,2,0
3y3s (JMBS FUNKOT RMX),MAXIMUM,17,ULTIMATE CHAIN,S,9994895,0,30,29,2,0
Aragami,MAXIMUM,17,ULTIMATE CHAIN,S,9965568,0,6,6,1,0
Alice Maestera feat. nomico,EXHAUST,10,PERFECT,S,10000000,0,2,2,0,1
インビジブル,EXHAUST,14,PERFECT,S,10000000,0,3,3,2,1
インビジブル,MAXIMUM,17,ULTIMATE CHAIN,S,9993935,0,8,8,4,0
裏表ラバーズ,EXHAUST,12,PERFECT,S,10000000,0,1,1,0,1
裏表ラバーズ,MAXIMUM,16,ULTIMATE CHAIN,S,9993527,0,7,7,3,0
永遠に幸せになる方法、見つけました。,MAXIMUM,18,COMPLETE,AA+,9688473,0,1,1,0,0
EDEN of TRUTH,MAXIMUM,17,EXCESSIVE COMPLETE,S,9988719,0,3,3,0,0
朧 (kamome sano remix),EXHAUST,14,EXCESSIVE COMPLETE,S,9991856,0,2,2,0,0
JUGGLE,EXHAUST,14,COMPLETE,S,9978632,0,2,2,0,0
JUGGLE,MAXIMUM,17,EXCESSIVE COMPLETE,S,9980456,0,10,9,0,0
JULIAN,MAXIMUM,17,PERFECT,S,10000000,5114,9,9,4,1
水槽のクジラ,MAXIMUM,17,ULTIMATE CHAIN,S,9997575,0,12,12,1,0
千本桜,EXHAUST,10,PERFECT,S,10000000,0,2,2,0,1
千本桜,MAXIMUM,15,PERFECT,S,10000000,0,6,6,2,1
零の位相,MAXIMUM,17,EXCESSIVE COMPLETE,S,9956747,0,2,2,0,0
Dharma,EXHAUST,15,PERFECT,S,10000000,0,1,1,0,1
Dharma,MAXIMUM,17,ULTIMATE CHAIN,S,9990482,0,17,17,4,0
Chocolate Planet,EXHAUST,15,PERFECT,S,10000000,0,2,2,0,1
Chocolate Planet,MAXIMUM,17,ULTIMATE CHAIN,S,9992008,0,25,22,4,0
TRICKL4SH 220,EXHAUST,16,PERFECT,S,10000000,0,5,5,3,1
TRICKL4SH 220,MAXIMUM,18,PERFECT,S,10000000,5707,45,43,0,1
Dreadnought,MAXIMUM,18,EXCESSIVE COMPLETE,S,9922131,0,10,9,0,0
New Game feat.Mayumi Morinaga,EXHAUST,11,PERFECT,S,10000000,0,1,1,0,1
HiGHER,MAXIMUM,16,ULTIMATE CHAIN,S,9997317,0,19,17,3,0
Four Leaves,MAXIMUM,17,ULTIMATE CHAIN,S,9991662,0,19,17,4,0
Heavenly Adventure,MAXIMUM,17,EXCESSIVE COMPLETE,S,9940227,0,2,2,0,0
HEAVENLY SMILE,MAXIMUM,17,PERFECT,S,10000000,0,23,21,8,1
bass 2 bass [Tracy vs. Astronomical Remix],MAXIMUM,16,EXCESSIVE COMPLETE,S,9962508,0,2,2,0,0
Poppin' Shower,MAXIMUM,16,PERFECT,S,10000000,0,7,7,1,1
焔 -MAGMA-,MAXIMUM,17,EXCESSIVE COMPLETE,S,9985133,0,4,4,0,0
LOVE EAST,MAXIMUM,15,PERFECT,S,10000000,0,13,12,7,2
Solar Storm,EXHAUST,18,COMPLETE,AAA+,9892300,0,3,1,0,0
{albus},EXHAUST,17,EXCESSIVE COMPLETE,S,9950248,0,4,4,0,0
いつかの夢、またねの約束。,EXHAUST,14,PERFECT,S,10000000,0,1,1,0,1
#Endroll,EXHAUST,18,COMPLETE,AA+,9643527,0,1,1,0,0
Quaint Echo,EXHAUST,18,EXCESSIVE COMPLETE,S,9972609,6333,19,19,0,0
Zero-Day Exploit,EXHAUST,17,EXCESSIVE COMPLETE,S,9976562,0,5,3,0,0
ヒミツダイヤル,EXHAUST,15,PERFECT,S,10000000,0,1,1,0,1
ヒミツダイヤル,VIVID,17,EXCESSIVE COMPLETE,S,9985018,0,2,2,0,0
Metamorphobia,EXHAUST,17,EXCESSIVE COMPLETE,S,9930429,0,2,2,0,0
REGALIA,EXHAUST,17,ULTIMATE CHAIN,S,9990291,0,5,5,1,0
JOMANDA,EXHAUST,17,ULTIMATE CHAIN,S,9977352,0,4,4,1,0
極圏,EXHAUST,18,COMPLETE,AAA+,9885214,0,5,4,0,0
極圏,HEAVENLY,19,EXCESSIVE COMPLETE,S,9958649,0,16,15,0,0
アルティメットトゥルース -Phantasm-,EXHAUST,18,EXCESSIVE COMPLETE,S,9943609,0,4,4,0,0
Issen,EXHAUST,15,PERFECT,S,10000000,0,12,12,0,4
Clash of swords,EXHAUST,17,EXCESSIVE COMPLETE,S,9955567,0,1,1,0,0
東方妖々夢 ULTIMATE MEDLEY,EXHAUST,18,PERFECT,S,10000000,7078,41,38,8,1
IKAROS DYNAMITE!!!!,EXHAUST,18,ULTIMATE CHAIN,S,9993303,6801,57,56,3,0
Emperor's Divide,EXHAUST,17,EXCESSIVE COMPLETE,S,9987493,0,9,9,0,0
cross the future,EXHAUST,17,PERFECT,S,10000000,0,3,3,1,1
GEOMETRIA,EXHAUST,18,COMPLETE,AAA+,9849673,0,2,2,0,0
絶対零度,EXHAUST,18,ULTIMATE CHAIN,S,9987493,0,30,30,1,0
↓↓↓,EXHAUST,18,EXCESSIVE COMPLETE,S,9967248,0,10,10,0,0
Prayer,EXHAUST,18,EXCESSIVE COMPLETE,S,9963484,0,4,4,0,0
バイナリスター,EXHAUST,13,PERFECT,S,10000000,0,2,2,0,1
そして紫の幻想曲は全てを受け入れる,EXHAUST,17,ULTIMATE CHAIN,S,9982068,0,3,3,1,0
ANTI THE∞HOLiC,EXHAUST,17,PERFECT,S,10000000,0,18,17,5,1
０=Xerostrumental=,EXHAUST,17,EXCESSIVE COMPLETE,S,9942389,0,3,3,0,0
Halcyon,EXHAUST,17,EXCESSIVE COMPLETE,S,9985104,0,10,10,0,0
FLügeL《Λrp:ΣggyØ》,EXHAUST,18,ULTIMATE CHAIN,S,9919275,0,3,3,1,0
FLügeL《Λrp:ΣggyØ》,GRAVITY,19,EXCESSIVE COMPLETE,AAA+,9838902,7416,12,12,0,0
Angelic Jelly,EXHAUST,16,PERFECT,S,10000000,0,2,2,1,1
Angelic Jelly,GRAVITY,18,EXCESSIVE COMPLETE,S,9946980,0,6,4,0,0
Grand Chariot,EXHAUST,16,PLAYED,S,9933073,0,1,0,0,0
Grand Chariot,GRAVITY,17,ULTIMATE CHAIN,S,9995066,0,23,21,5,0
StrayedCatz,EXHAUST,15,ULTIMATE CHAIN,S,9975317,0,1,1,1,0
StrayedCatz,GRAVITY,17,EXCESSIVE COMPLETE,S,9942929,0,2,2,0,0
Sephirot,EXHAUST,13,PERFECT,S,10000000,0,1,1,0,1
Sephirot,GRAVITY,17,COMPLETE,S,9977635,0,1,1,0,0
ZEPHYRANTHES,EXHAUST,13,PERFECT,S,10000000,0,1,1,0,1
ZEPHYRANTHES,GRAVITY,17,PERFECT,S,10000000,0,7,7,2,1
DIABLOSIS::Nāga,EXHAUST,17,EXCESSIVE COMPLETE,S,9965886,0,15,14,0,0
DIABLOSIS::Nāga,GRAVITY,19,EXCESSIVE COMPLETE,S,9908158,0,16,13,0,0
Triple Counter,EXHAUST,17,PERFECT,S,10000000,0,8,8,2,1
Triple Counter,GRAVITY,18,EXCESSIVE COMPLETE,S,9978498,0,12,12,0,0
NEO TREASON,EXHAUST,16,ULTIMATE CHAIN,S,9975424,0,1,1,1,0
NEO TREASON,GRAVITY,18,EXCESSIVE COMPLETE,S,9984356,0,15,12,0,0
Lord=Crossight,EXHAUST,17,EXCESSIVE COMPLETE,S,9941417,0,4,4,0,0
Lord=Crossight,GRAVITY,19,EXCESSIVE COMPLETE,S,9903394,0,11,10,0,0
Voynich:Manuscript,EXHAUST,17,ULTIMATE CHAIN,S,9964654,0,8,6,1,0
Completeness Under Incompleteness,EXHAUST,16,EXCESSIVE COMPLETE,S,9978958,0,1,1,0,0
Completeness Under Incompleteness,GRAVITY,18,PLAYED,AAA+,9886574,0,1,0,0,0
The End of War,EXHAUST,17,ULTIMATE CHAIN,S,9992435,6334,9,9,2,0
Celestial stinger,GRAVITY,18,EXCESSIVE COMPLETE,S,9911111,0,2,2,0,0
B.B.K.K.B.K.K.,EXHAUST,17,EXCESSIVE COMPLETE,S,9983370,5050,20,20,0,0
akasha-assembly,EXHAUST,17,EXCESSIVE COMPLETE,S,9990642,0,2,2,0,0
ウエンレラの氷華,GRAVITY,17,EXCESSIVE COMPLETE,S,9952092,0,1,1,0,0
Ok!! Hug Me,GRAVITY,18,COMPLETE,S,9957436,0,3,3,0,0
Never Let It End,EXHAUST,13,PERFECT,S,10000000,3472,1,1,0,1
Paradission,EXHAUST,17,EXCESSIVE COMPLETE,S,9984643,0,4,3,0,0
Lo-Fi-M,EXHAUST,16,PERFECT,S,10000000,0,5,5,0,1
ゲキツイムラサ,EXHAUST,17,EXCESSIVE COMPLETE,S,9971719,0,5,4,0,0
Discover the Life,EXHAUST,16,ULTIMATE CHAIN,S,9997194,0,1,1,1,0
Get back here,GRAVITY,17,ULTIMATE CHAIN,S,9987881,0,15,15,2,0
Time to Air -Fly High Remix-,EXHAUST,17,ULTIMATE CHAIN,S,9997533,6633,30,30,5,0
Deadly Dolly Dance,EXHAUST,17,EXCESSIVE COMPLETE,S,9959795,0,3,3,0,0
Ultimate Ascension,EXHAUST,18,ULTIMATE CHAIN,S,9992927,6661,39,38,1,0
UROBØROS,EXHAUST,17,EXCESSIVE COMPLETE,S,9946714,0,3,3,0,0
雪月花 -さわわRemix-,EXHAUST,17,EXCESSIVE COMPLETE,S,9981549,0,12,12,0,0
Help me， ERINNNNNN!! -Cranky remix-,EXHAUST,17,EXCESSIVE COMPLETE,S,9919756,0,1,1,0,0
Mind Mapping (hard liquid remix),EXHAUST,15,ULTIMATE CHAIN,S,9993434,0,1,1,1,0
Apex of the World,EXHAUST,17,ULTIMATE CHAIN,S,9996659,0,4,4,3,0
Endless GRAVITY,EXHAUST,18,EXCESSIVE COMPLETE,AAA+,9826343,0,4,4,0,0
侍Annihilate!!,EXHAUST,18,EXCESSIVE COMPLETE,AAA+,9893221,0,2,2,0,0
CENSORED!!,EXHAUST,17,PERFECT,S,10000000,0,29,28,1,1
Destroy,EXHAUST,16,PERFECT,S,10000000,0,6,6,1,1
Destroy,GRAVITY,17,PERFECT,S,10000000,0,26,26,1,1
ブチアゲドクター☆ハイテッコ三姉妹,EXHAUST,15,PERFECT,S,10000000,0,2,2,0,1
relegation grimoire,EXHAUST,14,PERFECT,S,10000000,0,12,12,5,2
恋繋エピローグ,EXHAUST,15,ULTIMATE CHAIN,S,9985528,0,1,1,1,0
断罪は遍く人間の元に,EXHAUST,17,ULTIMATE CHAIN,S,9982300,0,2,1,1,0
アキネイション,EXHAUST,17,EXCESSIVE COMPLETE,S,9971031,0,9,9,0,0
The star in eclipse,EXHAUST,17,EXCESSIVE COMPLETE,S,9993153,0,11,9,0,0
Din Don Dan (Fusion Remix),EXHAUST,16,ULTIMATE CHAIN,S,9993891,0,2,2,2,0
Dualive,EXHAUST,17,ULTIMATE CHAIN,S,9995129,0,26,26,5,0
GO BACK 2 YOUR RAVE,EXHAUST,16,ULTIMATE CHAIN,S,9991482,0,3,3,3,0
カタルシスの月,EXHAUST,16,PERFECT,S,10000000,0,1,1,0,1
黒髪乱れし修羅となりて～凛 edition～,EXHAUST,17,EXCESSIVE COMPLETE,S,9968051,0,6,6,0,0
人形裁判 -THIRD IMPACT-,EXHAUST,17,ULTIMATE CHAIN,S,9987639,0,19,19,4,0
Parousia,EXHAUST,17,EXCESSIVE COMPLETE,S,9990324,0,11,11,0,0
archive::zip,GRAVITY,16,PERFECT,S,10000000,0,3,3,1,1
Inixia,GRAVITY,17,ULTIMATE CHAIN,S,9988874,7200,10,10,1,0
Virtual Bit,EXHAUST,17,ULTIMATE CHAIN,S,9986876,0,12,12,1,0
ERROR CODE,EXHAUST,13,PERFECT,S,10000000,0,1,1,0,1
ERROR CODE,GRAVITY,16,PERFECT,S,10000000,0,6,6,0,1
XROSS THE XOUL,GRAVITY,18,EXCESSIVE COMPLETE,S,9973800,0,22,22,0,0
S1CK_F41RY,EXHAUST,17,EXCESSIVE COMPLETE,S,9976703,0,3,3,0,0
Russet,EXHAUST,16,PERFECT,S,10000000,0,9,9,0,1
Renegade Fruits,EXHAUST,16,PERFECT,S,10000000,0,3,3,1,1
Renegade Fruits,GRAVITY,18,ULTIMATE CHAIN,S,9990031,7775,24,24,1,0
She is my wife,EXHAUST,16,ULTIMATE CHAIN,S,9992458,0,2,2,2,0
お嫁にしなさいっ！,EXHAUST,15,ULTIMATE CHAIN,S,9993564,0,2,2,1,0
響縁,EXHAUST,16,ULTIMATE CHAIN,S,9997101,0,2,2,1,0
Enigma,EXHAUST,17,ULTIMATE CHAIN,S,9982748,0,28,27,2,0
MG277,EXHAUST,18,EXCESSIVE COMPLETE,S,9936635,0,14,14,0,0
Never Fails,EXHAUST,17,EXCESSIVE COMPLETE,S,9986218,0,5,5,0,0
Fox4-Raize-,EXHAUST,18,EXCESSIVE COMPLETE,S,9927025,0,15,14,0,0
Follow Up,EXHAUST,17,ULTIMATE CHAIN,S,9981378,0,13,13,1,0
REVOLVER,EXHAUST,18,EXCESSIVE COMPLETE,S,9963768,0,26,25,0,0
KAC 2013 ULTIMATE MEDLEY -HISTORIA SOUND VOLTEX- Emperor Side,EXHAUST,18,EXCESSIVE COMPLETE,S,9946051,0,23,23,0,0
KAC 2013 ULTIMATE MEDLEY -HISTORIA SOUND VOLTEX- Emperor Side,GRAVITY,19,COMPLETE,AAA,9748069,0,5,5,0,0
しゅわスパ大作戦☆ (カシオれ！くーにゃんリミックス),EXHAUST,16,EXCESSIVE COMPLETE,S,9929078,0,1,1,0,0
チルノとまりおのパーフェクトさんすう教室,EXHAUST,17,EXCESSIVE COMPLETE,S,9949735,0,9,9,0,0
Demise Quartet,EXHAUST,18,EXCESSIVE COMPLETE,S,9967974,0,17,16,0,0
Help me， ERINNNNNN!! - SH Style -,EXHAUST,13,PERFECT,S,10000000,0,3,3,2,1
Help me， CODYYYYYY!!,GRAVITY,16,ULTIMATE CHAIN,S,9996847,0,11,11,1,0
Ultimate Fury,EXHAUST,16,COMPLETE,S,9959514,0,1,1,0,0
JEHANNEDARC,EXHAUST,18,ULTIMATE CHAIN,S,9992914,6984,30,30,1,0
spectroscape,EXHAUST,16,COMPLETE,S,9943317,0,1,1,0,0
常夏！！クリスタライズ・シャーベット,EXHAUST,17,EXCESSIVE COMPLETE,S,9947152,0,9,9,0,0
伐折羅-vajra-,EXHAUST,18,ULTIMATE CHAIN,S,9995751,7114,29,27,2,0
アナーキーインザ夕景,EXHAUST,16,EXCESSIVE COMPLETE,S,9981382,0,2,2,0,0
キズナ,EXHAUST,13,PERFECT,S,10000000,0,5,5,1,2
「ここなつ☆」は夢のカタチ,EXHAUST,16,ULTIMATE CHAIN,S,9996863,0,15,15,6,0
Finally Dive,EXHAUST,15,PERFECT,S,10000000,0,3,3,0,1
モラトリアムノオト,EXHAUST,13,PERFECT,S,10000000,0,1,1,0,1
End to end,EXHAUST,18,EXCESSIVE COMPLETE,S,9916387,0,11,9,0,0
EMPIRE OF FLAME,EXHAUST,18,EXCESSIVE COMPLETE,S,9950000,0,24,20,0,0
Candy Colored Hearts,EXHAUST,17,EXCESSIVE COMPLETE,S,9972647,0,6,4,0,0
雲の彼方,EXHAUST,17,ULTIMATE CHAIN,S,9984793,0,5,3,1,0
NEO GRAVITY,EXHAUST,18,ULTIMATE CHAIN,S,9975961,0,18,18,1,0
Lachryma《Re:Queen’M》,EXHAUST,18,EXCESSIVE COMPLETE,S,9966711,7202,19,19,0,0
Lachryma《Re:Queen’M》,GRAVITY,20,EXCESSIVE COMPLETE,AAA+,9881500,8804,62,51,0,0
VOLTEXES,EXHAUST,15,PERFECT,S,10000000,0,2,2,1,1
VOLTEXES II,EXHAUST,15,COMPLETE,S,9927862,0,1,1,0,0
VOLTEXES III,EXHAUST,16,EXCESSIVE COMPLETE,S,9981732,0,3,3,0,0
激アツ☆マジヤバ☆チアガール,EXHAUST,13,PERFECT,S,10000000,0,1,1,0,1
漆黒のスペシャルプリンセスサンデー,EXHAUST,17,ULTIMATE CHAIN,S,9995527,0,11,11,4,0
地方創生☆チクワクティクス,EXHAUST,15,ULTIMATE CHAIN,S,9965490,0,2,2,1,0
フラッター現象の顛末と単一指向性の感情論,EXHAUST,15,PERFECT,S,10000000,0,7,7,3,1
Aliquam,EXHAUST,17,EXCESSIVE COMPLETE,S,9977491,0,12,11,0,0
XHAOS JUDGE,EXHAUST,18,EXCESSIVE COMPLETE,S,9972727,0,30,27,0,0
conflict,EXHAUST,17,ULTIMATE CHAIN,S,9989893,0,15,14,1,0
Stleq,EXHAUST,17,ULTIMATE CHAIN,S,9997532,0,17,17,5,0
Never Ending,EXHAUST,15,ULTIMATE CHAIN,S,9991384,5013,8,8,3,0
Nofram,EXHAUST,17,ULTIMATE CHAIN,S,9981152,0,12,10,1,0
冥天・ヘメロカリス,EXHAUST,18,ULTIMATE CHAIN,S,9992343,0,20,20,2,0
コンフェイト＊コンチェルト,EXHAUST,14,PERFECT,S,10000000,0,9,9,4,1
千客万来☆無問題！,EXHAUST,16,ULTIMATE CHAIN,S,9987745,0,5,5,1,0
ムラサキグルマ,EXHAUST,18,EXCESSIVE COMPLETE,S,9971791,5552,23,23,0,0
闇夜舞踏会 -緋碧と蝶のためのmasquerade-,EXHAUST,16,ULTIMATE CHAIN,S,9997062,0,11,11,1,0
Asian Chip City,EXHAUST,16,ULTIMATE CHAIN,S,9993514,0,10,10,3,0
About me,EXHAUST,15,ULTIMATE CHAIN,S,9995674,0,10,10,4,0
Angels And Demons,EXHAUST,18,EXCESSIVE COMPLETE,S,9932848,0,5,5,0,0
Oriental Blossom,EXHAUST,16,COMPLETE,S,9927641,0,2,2,0,0
我楽多イノセンス,EXHAUST,16,PERFECT,S,10000000,0,9,9,0,1
CUTIE☆EX-DREAM,EXHAUST,17,ULTIMATE CHAIN,S,9994397,0,19,17,4,0
君がいる場所へ,EXHAUST,13,PERFECT,S,10000000,0,2,2,0,2
The setting sun,EXHAUST,17,EXCESSIVE COMPLETE,S,9989788,0,12,12,0,0
Seraphim,EXHAUST,18,EXCESSIVE COMPLETE,S,9943452,0,8,8,0,0
ダブルラリアット,EXHAUST,15,PERFECT,S,10000000,0,1,1,0,1
twilight signal,EXHAUST,15,PERFECT,S,10000000,0,4,4,2,1
ドゥンガドゥンガ狂詩曲,EXHAUST,16,PERFECT,S,10000000,0,8,8,4,1
ハッピーシンセサイザ,EXHAUST,13,PERFECT,S,10000000,0,4,4,1,1
Backflow,EXHAUST,17,PERFECT,S,10000000,0,9,9,1,1
Beyond the Sandstorm,EXHAUST,16,COMPLETE,S,9979541,0,1,1,0,0
Pieces of a Dream,EXHAUST,17,ULTIMATE CHAIN,S,9986025,0,8,8,1,0
Pet Peeve,EXHAUST,17,EXCESSIVE COMPLETE,S,9928315,0,27,27,0,0
Mayohiga Spurt,EXHAUST,17,EXCESSIVE COMPLETE,S,9986673,0,17,17,0,0
みくみくにしてあげる♪【してやんよ】,EXHAUST,15,PERFECT,S,10000000,0,2,2,1,1
メランコリック,EXHAUST,13,ULTIMATE CHAIN,S,9995507,0,2,2,1,0
Utopia,EXHAUST,16,COMPLETE,S,9994680,0,2,2,0,0
月光乱舞,EXHAUST,18,EXCESSIVE COMPLETE,S,9953917,0,28,24,0,0
月光乱舞,GRAVITY,19,EXCESSIVE COMPLETE,S,9982324,6883,34,31,0,0
continew,EXHAUST,17,EXCESSIVE COMPLETE,S,9954827,0,6,6,0,0
ちぇいす いん ざ さんしゃいん！！！,EXHAUST,16,ULTIMATE CHAIN,S,9997136,0,1,1,1,0
FAKE STYLE II,EXHAUST,15,PERFECT,S,10000000,0,31,31,12,5
Blacksphere,EXHAUST,16,EXCESSIVE COMPLETE,S,9980494,0,13,13,0,0
Le ××××,EXHAUST,15,EXCESSIVE COMPLETE,S,9937759,0,1,1,0,0
ショットガン・ラヴァーズ,EXHAUST,16,EXCESSIVE COMPLETE,S,9956653,0,2,2,0,0
じゅーじゅー♥焼肉の火からフェニックス！？～再誕の†炭火焼き～,EXHAUST,17,EXCESSIVE COMPLETE,S,9984802,0,14,14,0,0
HAELE III ~Angel Worlds~,EXHAUST,15,PERFECT,S,10000000,0,4,4,1,1
HAELE III ~Angel Worlds~,GRAVITY,18,ULTIMATE CHAIN,S,9960646,0,31,28,1,0
ドーパミン,EXHAUST,18,EXCESSIVE COMPLETE,S,9975272,6901,28,28,0,0
crêpe suzette,EXHAUST,16,PERFECT,S,10000000,0,5,4,1,1
Shiawase Transmission,EXHAUST,16,PERFECT,S,10000000,0,6,6,1,2
双翼 - Black Wings - SDVX Edit. -,EXHAUST,16,COMPLETE,S,9960199,0,1,1,0,0
星の器 feat. らっぷびと,EXHAUST,16,EXCESSIVE COMPLETE,S,9959579,0,3,3,0,0
三つ数えろ,EXHAUST,16,EXCESSIVE COMPLETE,S,9987995,0,8,8,0,0
Lucky*Clover,EXHAUST,17,ULTIMATE CHAIN,S,9994623,0,14,14,3,0
マサカリブレイド,EXHAUST,18,EXCESSIVE COMPLETE,S,9980306,0,47,44,0,0
Garakuta Doll Play,EXHAUST,17,EXCESSIVE COMPLETE,S,9968632,0,17,15,0,0
Garakuta Doll Play,HEAVENLY,18,EXCESSIVE COMPLETE,S,9963256,0,27,27,0,0
きたさいたま2000,EXHAUST,18,ULTIMATE CHAIN,S,9985540,0,21,21,1,0
きたさいたま2000,HEAVENLY,19,EXCESSIVE COMPLETE,S,9919354,0,4,4,0,0
Got more raves？,EXHAUST,17,EXCESSIVE COMPLETE,S,9914248,0,6,6,0,0
Got more raves？,HEAVENLY,19,EXCESSIVE COMPLETE,S,9917023,0,5,5,0,0
FLOWER,EXHAUST,18,ULTIMATE CHAIN,S,9985578,0,11,10,1,0
FLOWER,HEAVENLY,19,EXCESSIVE COMPLETE,S,9962506,0,18,18,0,0
ちくわパフェだよ☆ＣＫＰ,EXHAUST,15,ULTIMATE CHAIN,S,9996998,0,15,15,3,0
ホーンテッド★メイドランチ,EXHAUST,17,ULTIMATE CHAIN,S,9993135,0,15,15,1,0
めうめうぺったんたん！！,EXHAUST,15,PERFECT,S,10000000,0,2,2,0,1
滅亡天使 † にこきゅっぴん,EXHAUST,16,EXCESSIVE COMPLETE,S,9972943,0,7,7,0,0
Warriors Aboot,EXHAUST,18,EXCESSIVE COMPLETE,S,9960691,0,12,8,0,0
Vampire's Territory,EXHAUST,17,ULTIMATE CHAIN,S,9956002,0,19,19,4,0
紅の剣舞,EXHAUST,17,EXCESSIVE COMPLETE,S,9977908,0,10,8,0,0
Shanghai Wu Long ～上海舞龍～,EXHAUST,17,EXCESSIVE COMPLETE,S,9932762,0,23,23,0,0
Sourire,EXHAUST,16,ULTIMATE CHAIN,S,9953271,0,1,1,1,0
ハナビラ:リンクス,EXHAUST,15,PERFECT,S,10000000,0,2,2,0,1
Firestorm,EXHAUST,18,EXCESSIVE COMPLETE,S,9959819,0,45,44,0,0
My name is TSUMABUKI,EXHAUST,14,PERFECT,S,10000000,0,6,6,2,1
ギャラクシィ・トラベラー,EXHAUST,14,EXCESSIVE COMPLETE,S,9954710,0,1,1,0,0
Starlight Dance Floor,EXHAUST,13,PERFECT,S,10000000,0,5,5,0,3
6弦とピアノのためのエチュード op.4,EXHAUST,16,COMPLETE,S,9925723,0,1,1,0,0
ECHO,EXHAUST,13,PERFECT,S,10000000,0,49,49,1,1
深海シティアンダーグラウンド,EXHAUST,16,PERFECT,S,10000000,0,11,11,2,1
eternita,EXHAUST,16,COMPLETE,S,9909377,0,1,1,0,0
消失,EXHAUST,18,EXCESSIVE COMPLETE,S,9968703,0,15,12,0,0
暴走,EXHAUST,17,EXCESSIVE COMPLETE,S,9946159,4424,9,9,0,0
夏色DIARY -Summer Dazzlin' Vacation miX-,EXHAUST,17,EXCESSIVE COMPLETE,S,9973806,0,9,8,0,0
夏色DIARY -Summer Dazzlin' Vacation miX-,GRAVITY,16,ULTIMATE CHAIN,S,9997659,0,6,6,4,0
ΑΩ,EXHAUST,18,EXCESSIVE COMPLETE,S,9984368,6809,23,20,0,0
ΑΩ,GRAVITY,19,EXCESSIVE COMPLETE,S,9912455,7813,33,29,0,0
veRtrageS,EXHAUST,18,EXCESSIVE COMPLETE,S,9983480,0,30,29,0,0
XyHATTE,EXHAUST,18,ULTIMATE CHAIN,S,9995176,6894,21,20,3,0
XyHATTE,GRAVITY,19,EXCESSIVE COMPLETE,S,9901960,7925,36,34,0,0
citrus,EXHAUST,15,PERFECT,S,10000000,0,5,5,1,1
Blastix Riotz,EXHAUST,18,EXCESSIVE COMPLETE,AAA+,9897051,0,17,15,0,0
Blastix Riotz,GRAVITY,19,EXCESSIVE COMPLETE,AAA+,9895369,7885,62,53,0,0
Preserved Valkyria,EXHAUST,18,ULTIMATE CHAIN,S,9980148,0,44,38,4,0
Preserved Valkyria,GRAVITY,19,EXCESSIVE COMPLETE,S,9966108,8140,42,41,0,0
Witch in Sweetsland,EXHAUST,17,ULTIMATE CHAIN,S,9982278,0,11,11,1,0
Ops:Code-Rapture-,EXHAUST,18,ULTIMATE CHAIN,S,9985625,0,27,27,1,0
Cold Inflation,EXHAUST,16,EXCESSIVE COMPLETE,S,9988200,5319,4,4,0,0
UnivEarth,EXHAUST,18,EXCESSIVE COMPLETE,S,9910224,0,15,15,0,0
Le Fruit Défendu,EXHAUST,16,ULTIMATE CHAIN,S,9994425,0,3,2,2,0
TOXIC VIBRATION,EXHAUST,17,ULTIMATE CHAIN,S,9967965,0,7,7,1,0
ΕΛΠΙΣ,EXHAUST,17,EXCESSIVE COMPLETE,S,9937804,0,14,14,0,0
灼熱Beach Side Bunny,EXHAUST,18,EXCESSIVE COMPLETE,AAA+,9856382,4854,43,42,0,0
リカーシブ・ファンクション,EXHAUST,15,ULTIMATE CHAIN,S,9987644,0,2,2,1,0
Opium and Purple haze,EXHAUST,17,EXCESSIVE COMPLETE,S,9908952,0,14,14,0,0
Opium and Purple haze,GRAVITY,18,EXCESSIVE COMPLETE,S,9989720,5380,31,31,0,0
シャ ビ ドゥ 素敵な恋の魔法,EXHAUST,15,ULTIMATE CHAIN,S,9983574,0,4,3,2,0
ネメシス SDVX Edit,EXHAUST,17,ULTIMATE CHAIN,S,9973404,0,19,19,1,0
BOUNCE BOUNCE BOUNCE,EXHAUST,13,PERFECT,S,10000000,0,1,1,0,1
Sounds Of Summer,EXHAUST,16,ULTIMATE CHAIN,S,9991314,0,12,12,1,0
Innocent Floor,EXHAUST,17,ULTIMATE CHAIN,S,9992428,6162,22,21,2,0
In The Breeze,EXHAUST,16,ULTIMATE CHAIN,S,9973661,0,6,6,3,0
INF-B《L-aste-R》,EXHAUST,18,EXCESSIVE COMPLETE,S,9972431,0,34,33,0,0
Twin Blaster,EXHAUST,16,ULTIMATE CHAIN,S,9991186,0,4,4,1,0
disco KAWAii,EXHAUST,14,PERFECT,S,10000000,0,1,1,0,1
New Days,EXHAUST,15,EXCESSIVE COMPLETE,S,9967558,0,2,2,0,0
Princessどうかお願い!!,EXHAUST,15,EXCESSIVE COMPLETE,S,9949012,0,3,3,0,0
あれこれそれどれ,EXHAUST,17,EXCESSIVE COMPLETE,S,9970223,0,10,10,0,0
感情の魔天楼 ～ Arr.Demetori,EXHAUST,17,ULTIMATE CHAIN,S,9982638,0,9,9,2,0
Crazy ∞ nighT,EXHAUST,15,PERFECT,S,10000000,0,21,21,3,1
ロンロンへ　ライライライ！,EXHAUST,16,ULTIMATE CHAIN,S,9996913,0,14,14,3,0
ロンロンへ　ライライライ！,GRAVITY,17,ULTIMATE CHAIN,S,9985276,0,15,15,2,0
gigadelic (かめりあ's "The TERA" RMX),EXHAUST,18,EXCESSIVE COMPLETE,S,9923819,0,22,20,0,0
Monkey Business(Band Edit.),EXHAUST,16,COMPLETE,S,9915254,0,5,5,0,0
Wuv U(pico/ustic rmx),EXHAUST,16,EXCESSIVE COMPLETE,S,9986928,0,2,2,0,0
無双,EXHAUST,17,PERFECT,S,10000000,0,17,17,2,1
好きトキメキとキス,EXHAUST,15,PLAYED,S,9930394,0,1,0,0,0
Pon-Pon-Pompoko Dai-Sen-Saw!,EXHAUST,18,EXCESSIVE COMPLETE,S,9928126,6148,24,23,0,0
One & Only,EXHAUST,16,ULTIMATE CHAIN,S,9996402,0,15,15,5,0
EBONY & IVORY,EXHAUST,17,ULTIMATE CHAIN,S,9963316,0,6,6,1,0
パ→ピ→プ→Yeah!,EXHAUST,17,EXCESSIVE COMPLETE,S,9971526,5306,12,12,0,0
ELECT,EXHAUST,15,ULTIMATE CHAIN,S,9980494,0,1,1,1,0
Happy Sensation,EXHAUST,17,PERFECT,S,10000000,0,12,12,1,1
Milkyway - memorable -,EXHAUST,16,PERFECT,S,10000000,0,3,3,0,1
Our Faith (takdrive remix),EXHAUST,16,EXCESSIVE COMPLETE,S,9976240,0,1,1,0,0
ON FIRE,EXHAUST,15,EXCESSIVE COMPLETE,S,9961267,0,1,1,0,0
Discloze,EXHAUST,17,ULTIMATE CHAIN,S,9992389,0,19,19,3,0
Virtual Sunrise (nana's Festival EDM Remix) feat. Kanae Asaba,EXHAUST,12,PERFECT,S,10000000,0,3,3,1,1
Monkey Business -Satire mix-,EXHAUST,16,PERFECT,S,10000000,0,20,20,6,1
量子の海のリントヴルム,EXHAUST,17,ULTIMATE CHAIN,S,9989417,6305,19,18,2,0
妖隠し -あやかしかくし-,EXHAUST,16,PERFECT,S,10000000,0,12,12,6,1
千年ノ理,EXHAUST,14,ULTIMATE CHAIN,S,9992609,0,3,3,1,0
竹取飛翔 ～ Lunatic Princess (Ryu☆Remix),EXHAUST,16,PERFECT,S,10000000,0,9,9,0,1
ほおずき程度には赤い頭髪,EXHAUST,17,EXCESSIVE COMPLETE,S,9979242,0,16,15,0,0
Scarlet Moon,EXHAUST,16,EXCESSIVE COMPLETE,S,9968000,0,2,2,0,0
Struggle,EXHAUST,13,EXCESSIVE COMPLETE,S,9934965,0,1,1,0,0
取り残された美術(Arranged:HiZuMi),EXHAUST,13,EXCESSIVE COMPLETE,S,9938524,0,1,1,0,0
NEON WORLD,EXHAUST,17,ULTIMATE CHAIN,S,9992596,0,18,18,4,0
HAVOX,EXHAUST,18,EXCESSIVE COMPLETE,S,9964387,8354,53,48,0,0
BEAT-NEW-WORLD,EXHAUST,17,ULTIMATE CHAIN,S,9990319,0,26,26,2,0
プレインエイジア -PHQ remix-,EXHAUST,16,EXCESSIVE COMPLETE,S,9981378,0,1,1,0,0
ホメ猫☆センセーション,EXHAUST,16,PERFECT,S,10000000,0,10,10,3,1
Russian Caravan Rhapsody,EXHAUST,15,EXCESSIVE COMPLETE,S,9903489,0,1,1,0,0
朝色の紙飛行機,EXHAUST,15,PERFECT,S,10000000,0,4,2,0,1
AYAKASHI,NOVICE,5,PERFECT,S,10000000,0,1,1,0,1
AYAKASHI,EXHAUST,17,PERFECT,S,10000000,0,15,14,0,1
Poison Blood,EXHAUST,15,PERFECT,S,10000000,5196,9,9,3,2
M.A.Y.U.,EXHAUST,16,ULTIMATE CHAIN,S,9996580,0,7,7,2,0
Everlasting Message,EXHAUST,17,EXCESSIVE COMPLETE,S,9964319,0,19,19,0,0
Everlasting Message,GRAVITY,19,EXCESSIVE COMPLETE,S,9938934,0,87,75,0,0
混乱少女♥そふらんちゃん!!,EXHAUST,18,EXCESSIVE COMPLETE,S,9926650,0,23,23,0,0
Sayonara Planet Wars,EXHAUST,18,ULTIMATE CHAIN,S,9980620,8025,34,33,1,0
Chant du Cygne,EXHAUST,17,EXCESSIVE COMPLETE,S,9981403,0,15,14,0,0
到達してしまった僕らと夢と希望の最之果,EXHAUST,18,EXCESSIVE COMPLETE,S,9974266,0,26,22,0,0
KAC 2012 ULTIMATE MEDLEY -HISTORIA SOUND VOLTEX-,EXHAUST,17,EXCESSIVE COMPLETE,S,9974358,7318,16,16,0,0
KAC 2012 ULTIMATE MEDLEY -HISTORIA SOUND VOLTEX-,GRAVITY,18,EXCESSIVE COMPLETE,S,9973315,0,36,31,0,0
Just Be Friends,EXHAUST,12,PERFECT,S,10000000,0,3,3,0,2
Scream out! (SDVX EDIT),EXHAUST,16,ULTIMATE CHAIN,S,9996982,0,3,3,2,0
tricky trick,EXHAUST,18,ULTIMATE CHAIN,S,9978565,7569,17,15,2,0
Paranoia,EXHAUST,16,PERFECT,S,10000000,0,10,10,3,3
FIRE FIREは電気スウィングの夢を見るか？,EXHAUST,16,EXCESSIVE COMPLETE,S,9975177,0,13,13,0,0
Borealis,EXHAUST,17,ULTIMATE CHAIN,S,9981968,0,8,8,3,0
無気力クーデター,EXHAUST,17,PERFECT,S,10000000,0,15,15,1,1
Wuv U (Colorful QT3 nekomix),EXHAUST,16,PERFECT,S,10000000,0,5,5,0,1
Invitation from Mr.C,EXHAUST,18,ULTIMATE CHAIN,S,9984326,6670,38,38,1,0
2 MINUTES FIGHTERS,EXHAUST,17,ULTIMATE CHAIN,S,9992240,0,32,32,2,0
LegenD.,EXHAUST,18,EXCESSIVE COMPLETE,S,9986553,7327,42,39,0,0
World's end,EXHAUST,18,EXCESSIVE COMPLETE,AAA+,9884410,0,46,46,0,0
キモチコネクト,EXHAUST,16,PERFECT,S,10000000,0,8,8,1,1
キモチコネクト,GRAVITY,17,ULTIMATE CHAIN,S,9987456,0,17,17,1,0
瞬間ドリップ♪秘蜜のケーキセット,EXHAUST,16,EXCESSIVE COMPLETE,S,9912280,0,1,1,0,0
macaron,EXHAUST,15,PERFECT,S,10000000,0,12,12,1,1
CRITICAL LINE,EXHAUST,17,EXCESSIVE COMPLETE,S,9963592,0,19,18,0,0
鬼天,EXHAUST,17,EXCESSIVE COMPLETE,S,9969987,0,16,16,0,0
Go↓Go↑Girls&Boys!,EXHAUST,15,ULTIMATE CHAIN,S,9993412,0,7,7,1,0
INDEPENDENT SKY,EXHAUST,13,EXCESSIVE COMPLETE,S,9960835,0,1,1,0,0
INDEPENDENT SKY,GRAVITY,17,PERFECT,S,10000000,0,30,26,3,1
TIEFSEE,EXHAUST,17,ULTIMATE CHAIN,S,9985199,0,12,12,1,0
ツーマンライブ,EXHAUST,16,PERFECT,S,10000000,0,8,8,2,1
ツーマンライブ,GRAVITY,16,EXCESSIVE COMPLETE,S,9963406,0,1,1,0,0
囲い無き世は一期の月影,EXHAUST,16,PERFECT,S,10000000,0,5,5,1,1
The Sampling Paradise (P*Light Remix),EXHAUST,17,EXCESSIVE COMPLETE,S,9977692,4864,22,22,0,0
Pure Evil (Kobaryo FTN-Remix),EXHAUST,17,ULTIMATE CHAIN,S,9923594,0,30,28,1,0
鬼KYOKAN,EXHAUST,16,EXCESSIVE COMPLETE,S,9914611,0,1,1,0,0
幸せになれる隠しコマンドがあるらしい,EXHAUST,16,ULTIMATE CHAIN,S,9994206,0,22,21,1,0
Scarlet Pinheel,EXHAUST,16,ULTIMATE CHAIN,S,9976958,0,21,20,5,0
False Cross,EXHAUST,17,EXCESSIVE COMPLETE,S,9946524,0,17,15,0,0
Prelude-Hereafter-,EXHAUST,15,EXCESSIVE COMPLETE,S,9952465,0,2,2,0,0
感情Xerography,EXHAUST,14,ULTIMATE CHAIN,S,9995004,0,1,1,1,0
きらきらタイム☆,EXHAUST,17,ULTIMATE CHAIN,S,9991568,0,24,23,3,0
Twin Rocket,EXHAUST,17,EXCESSIVE COMPLETE,S,9990601,0,25,24,0,0
TU-MA-MI△ALL-NIGHTER,EXHAUST,16,ULTIMATE CHAIN,S,9988372,0,25,24,1,0
Hustle Beat!!,EXHAUST,15,ULTIMATE CHAIN,S,9979935,0,1,1,1,0
THUNDERCRACK,EXHAUST,17,EXCESSIVE COMPLETE,S,9988276,0,39,38,0,0
メイガスナイト ～ Arr.Demetori,EXHAUST,16,EXCESSIVE COMPLETE,S,9944115,0,1,1,0,0
Liminality,EXHAUST,16,EXCESSIVE COMPLETE,S,9921991,0,2,2,0,0
ポメグラネイト,EXHAUST,16,EXCESSIVE COMPLETE,S,9952450,0,3,3,0,0
ポメグラネイト,GRAVITY,17,PERFECT,S,10000000,0,10,10,1,1
イグジスタンス,EXHAUST,17,EXCESSIVE COMPLETE,S,9976025,0,33,31,0,0
F.K.S.,EXHAUST,17,EXCESSIVE COMPLETE,S,9976958,0,30,30,0,0
木彫り鯰と右肩ゾンビ,EXHAUST,13,ULTIMATE CHAIN,S,9995579,0,11,11,2,0
gigadelic(m3rkAb4# R3m!x),EXHAUST,17,EXCESSIVE COMPLETE,S,9971751,0,20,19,0,0
鎖の少女,EXHAUST,15,PERFECT,S,10000000,0,8,8,4,1
最速最高シャッターガール,EXHAUST,16,EXCESSIVE COMPLETE,S,9978070,0,9,9,0,0
The Wind of Gold -HΔPPY MIX-,EXHAUST,15,EXCESSIVE COMPLETE,S,9983844,0,3,2,0,0
しゅわスパ大作戦☆ - SDVX Edit. -,EXHAUST,13,PERFECT,S,10000000,0,1,1,0,1
SkyDrive!,EXHAUST,15,EXCESSIVE COMPLETE,S,9985683,0,5,5,0,0
月見夜ラビット,EXHAUST,15,EXCESSIVE COMPLETE,S,9978381,0,1,1,0,0
トリコロール・ダイアリー,EXHAUST,16,EXCESSIVE COMPLETE,S,9990458,0,4,4,0,0
ナイフ,EXHAUST,15,EXCESSIVE COMPLETE,S,9985656,0,3,3,0,0
Never Regret Anything,EXHAUST,16,EXCESSIVE COMPLETE,S,9986807,0,3,3,0,0
Hyper☆Chipspace,EXHAUST,16,ULTIMATE CHAIN,S,9991186,0,16,16,1,0
Violet Soul,EXHAUST,16,EXCESSIVE COMPLETE,S,9943217,0,2,2,0,0
飛花落葉,EXHAUST,14,PERFECT,S,10000000,0,2,2,0,1
Pieces,EXHAUST,12,PERFECT,S,10000000,0,1,1,0,1
FIRE FIRE(Kazmasa Remix),EXHAUST,17,ULTIMATE CHAIN,S,9978239,0,22,20,1,0
Find the Answer,EXHAUST,12,PERFECT,S,10000000,0,1,1,0,1
Belly Flopper,EXHAUST,15,ULTIMATE CHAIN,S,9996919,0,8,8,3,0
星屑ユートピア,EXHAUST,12,EXCESSIVE COMPLETE,S,9970743,0,1,1,0,0
ぼくらしかしらない,EXHAUST,17,EXCESSIVE COMPLETE,S,9979988,0,21,20,0,0
物凄い狂っとるフランちゃんが物凄いうた,EXHAUST,17,ULTIMATE CHAIN,S,9988925,5510,46,45,1,0
Rubeus,EXHAUST,17,PERFECT,S,10000000,0,25,25,3,1
Our Faith (Faithful MTL Remix),EXHAUST,17,ULTIMATE CHAIN,S,9988393,0,33,31,1,0
The Sampling Paradise (N-Driver Style),EXHAUST,16,ULTIMATE CHAIN,S,9990421,0,7,7,1,0
Virtual Sunrise (xac remix),EXHAUST,15,EXCESSIVE COMPLETE,S,9958847,0,1,1,0,0
Pure Evil-Aya2g Drm'n Tech Rmx-,EXHAUST,17,EXCESSIVE COMPLETE,S,9970553,0,21,19,0,0
VILE CAT,EXHAUST,18,EXCESSIVE COMPLETE,S,9936959,0,30,28,0,0
shiny rainbow flower,EXHAUST,15,EXCESSIVE COMPLETE,S,9988335,0,2,1,0,0
断片Story,EXHAUST,16,PERFECT,S,10000000,0,22,22,1,3
further the future,EXHAUST,15,EXCESSIVE COMPLETE,S,9992144,0,2,2,0,0
Attack on Dwarf,EXHAUST,14,EXCESSIVE COMPLETE,S,9917647,0,12,12,0,0
werewolf howls.,EXHAUST,18,ULTIMATE CHAIN,S,9987518,0,46,42,1,0
Pristine Bigband,EXHAUST,15,EXCESSIVE COMPLETE,S,9965462,0,1,1,0,0
Mist Tek,EXHAUST,16,PERFECT,S,10000000,5208,25,24,5,1
Little princess has no identity.,EXHAUST,17,PERFECT,S,10000000,6010,29,29,1,1
キミヱゴサーチ,EXHAUST,11,PERFECT,S,10000000,0,1,1,0,1
キミヱゴサーチ,INFINITE,16,EXCESSIVE COMPLETE,S,9967438,0,3,3,0,0
しんでしまうとはなさけない！,EXHAUST,15,PERFECT,S,10000000,0,5,5,0,1
ハウトゥー世界征服,EXHAUST,14,PERFECT,S,10000000,0,5,5,3,2
打打打打打打打打打打,ADVANCED,11,COMPLETE,AA+,9685273,0,1,1,0,0
打打打打打打打打打打,EXHAUST,15,EXCESSIVE COMPLETE,S,9984591,0,4,4,0,0
打打打打打打打打打打,INFINITE,17,EXCESSIVE COMPLETE,S,9971574,0,25,24,0,0
Appliqué,EXHAUST,16,ULTIMATE CHAIN,S,9990054,0,6,5,1,0
Appliqué,GRAVITY,17,ULTIMATE CHAIN,S,9991938,0,6,6,1,0
Wish upon Twin Stars,EXHAUST,17,ULTIMATE CHAIN,S,9990054,6203,33,31,3,0
Wish upon Twin Stars,GRAVITY,18,ULTIMATE CHAIN,S,9958254,0,7,6,1,0
Growth Memories,EXHAUST,18,EXCESSIVE COMPLETE,S,9962488,0,48,36,0,0
Growth Memories,GRAVITY,19,EXCESSIVE COMPLETE,S,9957537,7272,26,25,0,0
CODE -CRiMSON-,EXHAUST,17,ULTIMATE CHAIN,S,9980778,0,47,46,1,0
CODE -CRiMSON-,GRAVITY,18,EXCESSIVE COMPLETE,S,9955379,0,7,7,0,0
はわわｗ！な展開っ！,EXHAUST,15,EXCESSIVE COMPLETE,S,9981583,0,9,7,0,0
有頂天ビバーチェ,EXHAUST,16,ULTIMATE CHAIN,S,9984962,0,11,9,1,0
白い雪のプリンセスは,EXHAUST,15,ULTIMATE CHAIN,S,9985422,0,5,5,1,0
僕は空気が嫁ない,ADVANCED,10,COMPLETE,A+,9175662,0,1,1,0,0
僕は空気が嫁ない,EXHAUST,15,PERFECT,S,10000000,0,17,16,7,1
朱と碧のランページ,EXHAUST,17,ULTIMATE CHAIN,S,9994502,0,16,16,2,0
gigadelic -stance xxxx-,EXHAUST,17,ULTIMATE CHAIN,S,9983476,0,24,18,1,0
コミカルなミシャグジとラジエーション(PUNK IT ver.),EXHAUST,15,EXCESSIVE COMPLETE,S,9936042,0,1,1,0,0
最果てのコトバ,EXHAUST,12,COMPLETE,AAA,9792412,0,1,1,0,0
FIRE FIRE -DARK BLAZE REMIX-,EXHAUST,17,EXCESSIVE COMPLETE,S,9971148,0,32,28,0,0
Monkey Business (lapix Remix),EXHAUST,16,ULTIMATE CHAIN,S,9995755,0,36,34,12,0
Wuv U -More2 HAPPY Re-Mix Special-,EXHAUST,15,PERFECT,S,10000000,0,6,6,1,1
INSECTICIDE,EXHAUST,18,EXCESSIVE COMPLETE,S,9956320,0,49,44,0,0
INSECTICIDE,HEAVENLY,19,EXCESSIVE COMPLETE,S,9955752,7404,28,27,0,0
御千手メディテーション,EXHAUST,15,ULTIMATE CHAIN,S,9965493,0,1,1,1,0
御千手メディテーション,INFINITE,17,ULTIMATE CHAIN,S,9978070,0,10,10,1,0
KHAMEN BREAK,EXHAUST,16,EXCESSIVE COMPLETE,S,9981607,0,14,14,0,0
KHAMEN BREAK,INFINITE,16,EXCESSIVE COMPLETE,S,9981447,0,14,13,0,0
Cleopatrysm,EXHAUST,15,EXCESSIVE COMPLETE,S,9934119,0,3,3,0,0
Cleopatrysm,INFINITE,16,ULTIMATE CHAIN,S,9986789,0,11,11,1,0
悪性ロリィタマキャヴェリズム,EXHAUST,17,ULTIMATE CHAIN,S,9986945,0,22,22,8,0
Wave of Craze,EXHAUST,15,PERFECT,S,10000000,0,7,7,1,1
キリトリセン,EXHAUST,13,PERFECT,S,10000000,0,7,7,1,1
幻想浄瑠璃-Aya2g Tech Dance Remix-,EXHAUST,15,EXCESSIVE COMPLETE,S,9980590,0,4,3,0,0
ぼくらのタイムカプセル,EXHAUST,15,PERFECT,S,10000000,0,14,14,5,1
柳の下のデュラハン hard chaos mix,EXHAUST,17,ULTIMATE CHAIN,S,9995076,0,22,21,1,0
リズの内心革命,EXHAUST,13,EXCESSIVE COMPLETE,AAA,9797864,0,1,1,0,0
リズの内心革命,INFINITE,16,EXCESSIVE COMPLETE,S,9942739,0,2,2,0,0
wander+wonder+wand,EXHAUST,15,PERFECT,S,10000000,0,6,6,1,1
ミライプリズム,EXHAUST,11,PERFECT,S,10000000,0,1,1,0,1
ミライプリズム,INFINITE,15,PERFECT,S,10000000,0,12,12,0,1
Idola,EXHAUST,17,ULTIMATE CHAIN,S,9986027,0,45,42,2,0
Idola,HEAVENLY,18,EXCESSIVE COMPLETE,S,9966580,0,7,7,0,0
憂恋☆アクティベーション,EXHAUST,16,EXCESSIVE COMPLETE,S,9923747,0,2,2,0,0
幻想系世界修復少女,EXHAUST,15,PERFECT,S,10000000,0,3,3,0,1
バンブーソード・ガール,EXHAUST,17,ULTIMATE CHAIN,S,9977623,0,41,35,2,0
バンブーソード・ガール,HEAVENLY,19,EXCESSIVE COMPLETE,S,9922054,0,12,12,0,0
Baby Sherry,EXHAUST,15,EXCESSIVE COMPLETE,AAA+,9889143,0,3,1,0,0
Get out of my sight,EXHAUST,15,ULTIMATE CHAIN,S,9981644,0,2,2,1,0
SPARKING 2012,EXHAUST,15,EXCESSIVE COMPLETE,S,9963186,0,1,1,0,0
ゼンマイ恋時計（T.E.B Summer Mix),EXHAUST,15,PERFECT,S,10000000,0,4,4,1,1
#FairyJoke #SDVX_Edit,EXHAUST,17,EXCESSIVE COMPLETE,S,9924547,4694,82,73,0,0
Lemures Prelude,EXHAUST,14,EXCESSIVE COMPLETE,AA+,9689028,0,2,2,0,0
Sakura Mirage,EXHAUST,17,ULTIMATE CHAIN,S,9996835,5709,58,57,2,0
カレクレンマ,EXHAUST,15,PERFECT,S,10000000,0,3,3,0,1
患部で止まってすぐ溶ける ～ 狂気の優曇華院,EXHAUST,15,ULTIMATE CHAIN,S,9990506,0,5,1,1,0
患部で止まってすぐ溶ける ～ 狂気の優曇華院,INFINITE,17,EXCESSIVE COMPLETE,S,9953869,0,15,15,0,0
SPARKLING FANTASY,EXHAUST,13,PERFECT,S,10000000,0,2,2,0,2
ってゐ！ ～えいえんてゐVer～,EXHAUST,12,EXCESSIVE COMPLETE,S,9978184,0,3,1,0,0
ってゐ！ ～えいえんてゐVer～,INFINITE,15,EXCESSIVE COMPLETE,S,9972842,0,1,1,0,0
Mami Mami Zone,EXHAUST,16,PERFECT,S,10000000,0,6,6,1,1
mon$tage,EXHAUST,16,EXCESSIVE COMPLETE,S,9905913,0,2,2,0,0
信仰は儚き人間の為に ～ Arr.Demetori,EXHAUST,17,ULTIMATE CHAIN,S,9992570,0,22,21,1,0
竹取飛翔,EXHAUST,15,PERFECT,S,10000000,0,6,6,1,1
NEXT BILLIONAIRE,EXHAUST,15,EXCESSIVE COMPLETE,S,9934354,0,2,2,0,0
Phantasm Brigade,EXHAUST,13,EXCESSIVE COMPLETE,AAA+,9835742,0,1,1,0,0
夕立、君と隠れ処,EXHAUST,13,COMPLETE,AA+,9690805,0,1,1,0,0
Unlimited Field,EXHAUST,15,ULTIMATE CHAIN,S,9988116,0,2,2,2,0
終点,EXHAUST,16,ULTIMATE CHAIN,S,9984076,0,8,7,1,0
少女暴動,EXHAUST,17,ULTIMATE CHAIN,S,9997160,0,27,23,2,0
冬に桜が咲くようなキセキ。,EXHAUST,15,ULTIMATE CHAIN,S,9993174,0,9,9,2,0
WAVE WAVE WAVE,EXHAUST,13,PLAYED,S,9968268,0,1,0,0,0
KiLLeR MeRMaiD,EXHAUST,17,ULTIMATE CHAIN,S,9988687,0,28,24,1,0
Frantic Wolf,EXHAUST,14,ULTIMATE CHAIN,S,9993150,0,6,6,3,0
Mist In Hell,ADVANCED,11,EXCESSIVE COMPLETE,AAA,9733096,0,1,1,0,0
Mist In Hell,EXHAUST,17,PERFECT,S,10000000,0,28,25,4,1
REVERSE LIMITED!(SDVX Edit),EXHAUST,16,ULTIMATE CHAIN,S,9997154,0,2,2,1,0
Innocent Tempest,EXHAUST,17,ULTIMATE CHAIN,S,9995586,0,42,36,3,0
Innocent Tempest,VIVID,19,EXCESSIVE COMPLETE,AAA+,9868804,0,6,6,0,0
侵蝕コード：666　-今日ちょっと指（略-,EXHAUST,15,ULTIMATE CHAIN,S,9983429,0,3,3,1,0
ボルテ体操第一,EXHAUST,17,ULTIMATE CHAIN,S,9982782,0,23,20,4,0
流れ星と君の歌,EXHAUST,14,PERFECT,S,10000000,0,3,3,0,1
Liar World Monologue,EXHAUST,16,EXCESSIVE COMPLETE,S,9975000,0,4,4,0,0
odds and ends,EXHAUST,15,PERFECT,S,10000000,0,19,19,9,1
odds and ends,GRAVITY,17,PERFECT,S,10000000,0,13,13,4,1
はなむけ,EXHAUST,13,PERFECT,S,10000000,0,2,2,1,1
Harpuia,EXHAUST,17,EXCESSIVE COMPLETE,S,9947275,0,55,40,0,0
Virtual Sunrise,EXHAUST,15,PERFECT,S,10000000,0,10,10,2,1
Pure Evil,EXHAUST,17,EXCESSIVE COMPLETE,S,9978179,0,31,27,0,0
Black Emperor,EXHAUST,18,EXCESSIVE COMPLETE,S,9905419,0,64,54,0,0
Black Emperor,GRAVITY,19,EXCESSIVE COMPLETE,AAA+,9851729,0,5,5,0,0
Hoshizora Illumination,EXHAUST,16,PERFECT,S,10000000,0,21,21,2,2
Hoshizora Illumination,HEAVENLY,17,EXCESSIVE COMPLETE,S,9975446,0,3,3,0,0
Arcadia,EXHAUST,12,PERFECT,S,10000000,0,1,1,0,1
群青硝子のスピカ,EXHAUST,15,EXCESSIVE COMPLETE,S,9943379,0,2,2,0,0
超爽快☆パッショネイト・フィーバー,EXHAUST,16,ULTIMATE CHAIN,S,9970760,0,3,3,1,0
FLYING OUT TO THE SKY,EXHAUST,17,PERFECT,S,10000000,0,39,33,0,1
神となり彼が見た境界線,EXHAUST,15,EXCESSIVE COMPLETE,S,9920972,0,2,2,0,0
crazy cinema story,EXHAUST,16,EXCESSIVE COMPLETE,S,9935158,0,6,4,0,0
Fiat Lux,EXHAUST,17,ULTIMATE CHAIN,S,9975728,0,34,31,1,0
茅蜩モラトリアム,EXHAUST,16,EXCESSIVE COMPLETE,S,9981392,0,5,5,0,0
命のユースティティア,EXHAUST,13,ULTIMATE CHAIN,S,9995678,0,5,5,3,0
WAVE,EXHAUST,15,EXCESSIVE COMPLETE,S,9963054,0,2,2,0,0
コンベア速度Max!? しゃいにん☆廻転ズシ"Sushi&Peace",EXHAUST,16,ULTIMATE CHAIN,S,9955286,0,23,21,2,0
snow motion,EXHAUST,13,ULTIMATE CHAIN,S,9996078,0,6,6,1,0
IX,EXHAUST,17,EXCESSIVE COMPLETE,S,9977767,0,34,29,0,0
IX,VIVID,19,EXCESSIVE COMPLETE,S,9963675,8311,7,7,0,0
Future MUSiC,EXHAUST,12,PERFECT,S,10000000,0,2,2,0,1
ウバワレ,EXHAUST,16,PERFECT,S,10000000,0,9,7,0,1
ウバワレ,GRAVITY,17,ULTIMATE CHAIN,S,9991299,0,5,5,1,0
EOS -INFINITE EDIT-,EXHAUST,13,PERFECT,S,10000000,0,9,8,3,3
EOS -INFINITE EDIT-,GRAVITY,16,ULTIMATE CHAIN,S,9996882,0,3,3,1,0
Engraved Mark,EXHAUST,16,ULTIMATE CHAIN,S,9982244,0,8,7,1,0
Squeeze,EXHAUST,16,EXCESSIVE COMPLETE,S,9915143,0,1,1,0,0
デッドボヲルdeホームラン,EXHAUST,15,EXCESSIVE COMPLETE,S,9974182,0,5,2,0,0
轟け！恋のビーンボール！！,EXHAUST,17,PERFECT,S,10000000,0,28,28,1,1
Verse IV,EXHAUST,17,EXCESSIVE COMPLETE,S,9957196,0,58,49,0,0
Verse IV,HEAVENLY,19,EXCESSIVE COMPLETE,S,9939120,0,4,3,0,0
LittleGameStar,EXHAUST,15,PERFECT,S,10000000,0,5,5,1,1
LittleGameStar,GRAVITY,17,EXCESSIVE COMPLETE,S,9963702,0,5,5,0,0
イゴモヨス＝オムルのテーマによるブヨブヨ・スケッチの試み,EXHAUST,17,ULTIMATE CHAIN,S,9994382,0,15,12,4,0
will o' the wisp,EXHAUST,13,EXCESSIVE COMPLETE,S,9939759,0,1,1,0,0
Profession,EXHAUST,16,EXCESSIVE COMPLETE,S,9959919,0,10,9,0,0
雪女,EXHAUST,16,ULTIMATE CHAIN,S,9996801,0,16,13,4,0
雪女,GRAVITY,17,ULTIMATE CHAIN,S,9981051,0,12,11,1,0
おお われら喜び讃うべし、主よ,EXHAUST,16,EXCESSIVE COMPLETE,S,9970076,0,4,4,0,0
上海紅茶館 ～ Chinese Tea Orchid Remix,EXHAUST,16,ULTIMATE CHAIN,S,9996851,0,21,18,5,0
上海紅茶館 ～ Chinese Tea Orchid Remix,VIVID,18,EXCESSIVE COMPLETE,S,9916974,6350,1,1,0,0
U.N.オーエンは彼女なのか？haru_naba Remix,EXHAUST,17,EXCESSIVE COMPLETE,S,9962962,0,32,22,0,0
Lunatic Rough Party!!,EXHAUST,15,COMPLETE,AAA,9761129,0,2,2,0,0
超越してしまった彼女と其を生み落した理由,EXHAUST,17,ULTIMATE CHAIN,S,9961915,0,34,28,1,0
Bangin' Burst,EXHAUST,18,EXCESSIVE COMPLETE,S,9970869,7921,147,119,0,0
Bangin' Burst,GRAVITY,19,EXCESSIVE COMPLETE,AAA+,9897731,0,35,32,0,0
For UltraPlayers,EXHAUST,18,EXCESSIVE COMPLETE,S,9966694,0,82,50,0,0
For UltraPlayers,HEAVENLY,19,EXCESSIVE COMPLETE,S,9900206,0,6,5,0,0
BLACK or WHITE?,EXHAUST,18,EXCESSIVE COMPLETE,S,9966491,0,54,44,0,0
BLACK or WHITE?,GRAVITY,19,EXCESSIVE COMPLETE,S,9974102,7595,27,24,0,0
Hellfire,EXHAUST,17,ULTIMATE CHAIN,S,9987531,0,42,37,2,0
Hellfire,GRAVITY,18,EXCESSIVE COMPLETE,S,9920473,0,10,10,0,0
Last Concerto,EXHAUST,17,EXCESSIVE COMPLETE,S,9976043,0,33,28,0,0
Stella Sinistra,EXHAUST,16,EXCESSIVE COMPLETE,S,9941486,0,9,9,0,0
HYENA,EXHAUST,17,EXCESSIVE COMPLETE,S,9984567,0,39,32,0,0
PUNISHER,EXHAUST,16,EXCESSIVE COMPLETE,S,9910428,0,3,3,0,0
Erlung,EXHAUST,14,PERFECT,S,10000000,0,10,9,3,1
Erlung,GRAVITY,17,EXCESSIVE COMPLETE,S,9972239,0,5,5,0,0
choux à la crème,EXHAUST,16,ULTIMATE CHAIN,S,9994169,0,24,17,1,0
choux à la crème,GRAVITY,17,EXCESSIVE COMPLETE,S,9986800,0,8,8,0,0
take a step forward,EXHAUST,15,ULTIMATE CHAIN,S,9992150,0,12,11,1,0
take a step forward,HEAVENLY,17,EXCESSIVE COMPLETE,S,9960359,0,2,2,0,0
Last Battalion,EXHAUST,15,PERFECT,S,10000000,0,14,14,6,1
Last Battalion,GRAVITY,17,PERFECT,S,10000000,6219,17,17,7,1
クノイチでも恋がしたい,EXHAUST,16,PERFECT,S,10000000,0,21,18,4,1
shiningray,EXHAUST,13,COMPLETE,S,9962732,0,1,1,0,0
タイムマシン,EXHAUST,13,EXCESSIVE COMPLETE,AAA,9709401,0,1,1,0,0
Decretum,EXHAUST,17,ULTIMATE CHAIN,S,9972113,0,35,31,1,0
Dignity,EXHAUST,16,EXCESSIVE COMPLETE,S,9983982,0,25,18,0,0
ムーニャポヨポヨスッポコニャーゴ,EXHAUST,17,ULTIMATE CHAIN,S,9980506,0,18,15,1,0
ムーニャポヨポヨスッポコニャーゴ,VIVID,18,EXCESSIVE COMPLETE,S,9900618,0,2,1,0,0
We Are The Scarlet (SDVX Edit),EXHAUST,15,PERFECT,S,10000000,0,9,8,1,1
Devotion,EXHAUST,12,PERFECT,S,10000000,0,2,2,1,1
ルーネイトエルフ(Riz Mix),EXHAUST,14,COMPLETE,S,9985549,0,1,1,0,0
True Blue,EXHAUST,17,ULTIMATE CHAIN,S,9994343,0,21,21,7,0
Shadows in the Light,EXHAUST,13,EXCESSIVE COMPLETE,AAA+,9863842,0,1,1,0,0
Demetel,EXHAUST,12,PERFECT,S,10000000,0,3,3,1,2
トラウィスカルパンテクートリ,EXHAUST,16,ULTIMATE CHAIN,S,9984350,0,10,10,5,0
Electric "Sister" Bitch,EXHAUST,16,PERFECT,S,10000000,0,14,14,4,1
桜華月想-SDVX EDIT-,EXHAUST,12,PERFECT,S,10000000,0,2,2,0,1
やばいつよくてあたまいいあたいのうた,EXHAUST,15,EXCESSIVE COMPLETE,S,9989118,0,5,2,0,0
- dirty rouge -,EXHAUST,15,ULTIMATE CHAIN,S,9977246,0,2,1,1,0
BUBBLE RAVER,EXHAUST,15,ULTIMATE CHAIN,S,9989169,0,4,3,1,0
Paradoxy,EXHAUST,15,ULTIMATE CHAIN,S,9959415,0,3,3,1,0
Rings of Rainbow,EXHAUST,15,EXCESSIVE COMPLETE,S,9984187,0,10,9,0,0
LEMON SUMMER,EXHAUST,15,PERFECT,S,10000000,0,23,22,6,1
赤より紅い夢-Aya2g Tech Dance Remix-,EXHAUST,16,EXCESSIVE COMPLETE,S,9974126,0,7,6,0,0
Indomitable Spirit,EXHAUST,13,PERFECT,S,10000000,0,4,4,0,1
Catadioptric,EXHAUST,13,PERFECT,S,10000000,0,7,7,1,1
放課後ストライド,EXHAUST,16,PERFECT,S,10000000,0,3,3,0,1
放課後ストライド,HEAVENLY,17,EXCESSIVE COMPLETE,S,9968495,0,2,2,0,0
マネマネサイコトロピック,EXHAUST,14,ULTIMATE CHAIN,S,9989369,0,2,2,1,0
夢の空、約束の場所,EXHAUST,11,PERFECT,S,10000000,0,2,2,1,1
ワヴル魔法図書館,EXHAUST,15,ULTIMATE CHAIN,S,9997094,0,9,9,1,0
最終鬼畜妹フランドール・S,EXHAUST,16,EXCESSIVE COMPLETE,S,9990995,0,23,14,0,0
最終鬼畜妹フランドール・S,GRAVITY,18,EXCESSIVE COMPLETE,S,9973345,0,14,13,0,0
INFINITY OVERDRIVE,EXHAUST,15,EXCESSIVE COMPLETE,S,9980263,0,19,14,0,0
INFINITY OVERDRIVE,GRAVITY,17,EXCESSIVE COMPLETE,S,9951737,0,11,11,0,0
Crack Traxxxx,EXHAUST,16,ULTIMATE CHAIN,S,9995340,0,36,27,4,0
Crack Traxxxx,GRAVITY,18,EXCESSIVE COMPLETE,S,9941482,6963,19,18,0,0
XROSS INFECTION,EXHAUST,17,EXCESSIVE COMPLETE,S,9959079,0,46,39,0,0
XROSS INFECTION,GRAVITY,19,EXCESSIVE COMPLETE,S,9952808,6939,45,42,0,0
Double Universe,EXHAUST,16,EXCESSIVE COMPLETE,S,9982547,0,5,2,0,0
Double Universe,GRAVITY,17,EXCESSIVE COMPLETE,S,9963446,0,4,4,0,0
Dawn of Asia,EXHAUST,15,PERFECT,S,10000000,0,7,5,3,1
Dawn of Asia,GRAVITY,16,EXCESSIVE COMPLETE,S,9990625,0,4,4,0,0
8 -eight-,EXHAUST,16,ULTIMATE CHAIN,S,9993364,0,3,3,1,0
Over the Starlit sky,EXHAUST,15,EXCESSIVE COMPLETE,S,9947325,0,1,1,0,0
snow storm -euphoria-,EXHAUST,17,ULTIMATE CHAIN,S,9978793,0,46,35,5,0
snow storm -euphoria-,GRAVITY,19,EXCESSIVE COMPLETE,S,9908878,7083,35,34,0,0
曾根崎心中,EXHAUST,15,PERFECT,S,10000000,0,21,21,4,2
DEADLOCK XXX,EXHAUST,17,ULTIMATE CHAIN,S,9981995,0,33,30,1,0
魔法少女達の百年祭(masty core remix),EXHAUST,15,EXCESSIVE COMPLETE,S,9979437,0,6,6,0,0
ユクエシレズ,EXHAUST,13,ULTIMATE CHAIN,S,9973031,0,1,1,1,0
ありふれたせかいせいふく,EXHAUST,13,PERFECT,S,10000000,0,6,6,2,2
ウサテイ,EXHAUST,15,PERFECT,S,10000000,0,6,5,0,1
Quietus Ray,EXHAUST,17,ULTIMATE CHAIN,S,9991023,0,42,33,1,0
Quietus Ray,HEAVENLY,19,EXCESSIVE COMPLETE,S,9908496,0,14,11,0,0
VERSUS!!,EXHAUST,15,ULTIMATE CHAIN,S,9994172,0,14,14,4,0
Booths of Fighters,EXHAUST,17,PERFECT,S,10000000,6202,72,50,2,3
Booths of Fighters,HEAVENLY,19,EXCESSIVE COMPLETE,S,9932753,0,7,6,0,0
Playing With Fire,EXHAUST,16,EXCESSIVE COMPLETE,S,9982668,0,4,4,0,0
愛くるしフール -Not EASY!!-,EXHAUST,15,EXCESSIVE COMPLETE,S,9955784,0,1,1,0,0
太陽はやめて！ぼくらのスカーレット警察,EXHAUST,13,EXCESSIVE COMPLETE,S,9988619,0,3,3,0,0
U.N. Owen was her? (Hyuji Remix),EXHAUST,13,ULTIMATE CHAIN,S,9992254,0,5,5,2,0
Lunartic Dial,EXHAUST,16,EXCESSIVE COMPLETE,S,9966641,0,21,19,0,0
Voice 2 Voice,EXHAUST,15,PERFECT,S,10000000,0,21,21,4,1
Daily Lunch Special ～DeliciousREMIX～,EXHAUST,15,ULTIMATE CHAIN,S,9996260,0,8,8,3,0
デストロイマーチ,EXHAUST,16,ULTIMATE CHAIN,S,9970588,0,30,30,1,0
Unicorn tail Dustboxxxx RMX,EXHAUST,16,ULTIMATE CHAIN,S,9994438,0,12,11,3,0
Unicorn tail Dustboxxxx RMX,VIVID,18,PERFECT,S,10000000,6919,5,5,1,1
恋はどう？モロ◎波動OK☆方程式!!,EXHAUST,15,ULTIMATE CHAIN,S,9981185,0,3,3,1,0
Venona,EXHAUST,15,EXCESSIVE COMPLETE,S,9987006,0,4,2,0,0
Cirno Break,EXHAUST,16,EXCESSIVE COMPLETE,S,9982788,0,7,5,0,0
#Fairy_dancing_in_lake,EXHAUST,16,EXCESSIVE COMPLETE,S,9965776,0,25,23,0,0
モモンが門番ばんっ☆,EXHAUST,15,EXCESSIVE COMPLETE,S,9920391,0,1,1,0,0
U.N.オーエンは彼女なのか？(TO-HOlic mix),EXHAUST,16,EXCESSIVE COMPLETE,S,9987360,0,19,19,0,0
音楽 -resolve-,EXHAUST,17,EXCESSIVE COMPLETE,S,9975490,0,22,16,0,0
音楽 -resolve-,VIVID,19,PLAYED,C,7476190,0,1,0,0,0
少年は空を辿る Prog Piano Remix,EXHAUST,16,ULTIMATE CHAIN,S,9984264,0,18,16,5,0
少年は空を辿る Prog Piano Remix,GRAVITY,17,ULTIMATE CHAIN,S,9975713,0,17,17,1,0
獣性オーバーフロウ,EXHAUST,15,PERFECT,S,10000000,0,6,6,2,1
HAPPY HEART BEAT,EXHAUST,14,ULTIMATE CHAIN,S,9993319,0,1,1,1,0
華陽炎-Hana Kagerou-,EXHAUST,14,ULTIMATE CHAIN,S,9956487,0,2,1,1,0
BabeL ～Next Story～,EXHAUST,17,EXCESSIVE COMPLETE,S,9928335,0,24,24,0,0
いーあるふぁんくらぶ,EXHAUST,13,COMPLETE,AAA+,9855371,0,2,2,0,0
いーあるふぁんくらぶ,GRAVITY,16,PERFECT,S,10000000,0,5,5,0,1
え？あぁ、そう。,EXHAUST,12,PERFECT,S,10000000,0,2,2,1,1
OVERDRIVERS,EXHAUST,14,PERFECT,S,10000000,0,6,4,0,1
GEROL,EXHAUST,16,EXCESSIVE COMPLETE,S,9963583,0,4,4,0,0
Joyeuse,EXHAUST,17,EXCESSIVE COMPLETE,S,9951612,0,41,36,0,0
HΨ=世界創造=EΨ,EXHAUST,12,COMPLETE,S,9986550,0,1,1,0,0
つぶやき魔法少女りむる,EXHAUST,16,ULTIMATE CHAIN,S,9997348,0,17,16,1,0
トリノコシティ,EXHAUST,12,PERFECT,S,10000000,3402,3,3,0,2
ネトゲ廃人シュプレヒコール,EXHAUST,14,ULTIMATE CHAIN,S,9992057,0,3,3,2,0
HAELEQUIN,EXHAUST,17,ULTIMATE CHAIN,S,9974093,0,54,51,5,0
殯,EXHAUST,13,ULTIMATE CHAIN,S,9996249,0,1,1,1,0
悪いところがひとつもない！,EXHAUST,14,ULTIMATE CHAIN,S,9992429,0,3,3,1,0
アルストロメリア KURO-HACO Remix,EXHAUST,15,EXCESSIVE COMPLETE,S,9963913,0,1,1,0,0
C18H27NO3,EXHAUST,16,EXCESSIVE COMPLETE,S,9992113,0,35,32,0,0
C18H27NO3,HEAVENLY,18,EXCESSIVE COMPLETE,AAA+,9886639,0,6,5,0,0
カラルの月 Verdammt Remix,EXHAUST,12,ULTIMATE CHAIN,S,9989293,0,1,1,1,0
隅田川夏恋歌 (I/O Angel mix),EXHAUST,12,PERFECT,S,10000000,0,3,3,2,1
Bad ∞ End ∞ Night,EXHAUST,13,PERFECT,S,10000000,0,3,3,0,1
ラクガキスト,EXHAUST,16,EXCESSIVE COMPLETE,S,9983344,0,30,25,0,0
ラクガキスト,VIVID,19,EXCESSIVE COMPLETE,S,9929481,0,5,5,0,0
Lieselotte,EXHAUST,15,PERFECT,S,10000000,0,21,21,8,2
ロストワンの号哭,EXHAUST,13,EXCESSIVE COMPLETE,S,9946605,0,18,16,0,0
ロストワンの号哭,GRAVITY,16,ULTIMATE CHAIN,S,9990677,0,11,11,2,0
I'm so Happy,EXHAUST,16,ULTIMATE CHAIN,S,9984051,0,4,4,1,0
VALLIS-NERIA,EXHAUST,18,EXCESSIVE COMPLETE,S,9941995,0,30,23,0,0
En FIRE-G SOUL,EXHAUST,13,PERFECT,S,10000000,0,3,2,1,1
音楽 -壊音楽 mix-,EXHAUST,17,ULTIMATE CHAIN,S,9996345,0,30,25,1,0
こちら、幸福安心委員会です。,EXHAUST,15,PERFECT,S,10000000,0,10,9,1,1
サンドリヨン,EXHAUST,13,EXCESSIVE COMPLETE,AA+,9584048,0,1,1,0,0
ませまてぃっく♥ま+ま=まじっく！,EXHAUST,15,PERFECT,S,10000000,0,22,20,5,1
WobbleTangleFestival,EXHAUST,13,EXCESSIVE COMPLETE,S,9903169,0,2,2,0,0
Qubism,EXHAUST,16,PERFECT,S,10000000,0,48,46,6,1
Qubism,HEAVENLY,18,EXCESSIVE COMPLETE,S,9993194,6814,12,11,0,0
天狗の落とし文 feat. ｙｔｒ,EXHAUST,13,PERFECT,S,10000000,3887,16,16,0,2
Two Fates,EXHAUST,11,PERFECT,S,10000000,0,3,3,1,2
魔境堕天録サリエル,EXHAUST,14,EXCESSIVE COMPLETE,S,9938583,0,2,2,0,0
アノ華咲クヤ,EXHAUST,14,ULTIMATE CHAIN,S,9996031,0,1,1,1,0
Vindicator,EXHAUST,15,PERFECT,S,10000000,0,5,3,1,1
神々の祈り,EXHAUST,10,PERFECT,S,10000000,0,1,1,0,1
Goodbye-bye Planet,EXHAUST,14,PERFECT,S,10000000,0,7,5,3,1
げきオコスティックファイナリアリティぷんぷんマスタースパーク,EXHAUST,14,PERFECT,S,10000000,0,3,3,1,1
Sakura Reflection (P*Light Slayer Remix),EXHAUST,15,PERFECT,S,10000000,0,12,12,7,1
Sakura Reflection (P*Light Slayer Remix),VIVID,18,EXCESSIVE COMPLETE,S,9979166,6155,5,5,0,0
She is my wife すーぱーアイドル☆ミツル子Remixちゃん,EXHAUST,15,ULTIMATE CHAIN,S,9955654,0,5,5,1,0
十面相（フリーダムver.）,EXHAUST,14,PERFECT,S,10000000,0,10,10,2,1
自由のための不自由,EXHAUST,11,PERFECT,S,10000000,0,5,5,3,1
SCAPEGOAT BOY - SDVX Edit. -,EXHAUST,14,PERFECT,S,10000000,0,7,7,6,1
Starlight Express,EXHAUST,16,PERFECT,S,10000000,0,15,10,2,1
蒼空に舞え、墨染の桜,EXHAUST,11,PERFECT,S,10000000,0,2,2,0,1
dream control,EXHAUST,11,PERFECT,S,10000000,0,1,1,0,1
Next infection,EXHAUST,15,EXCESSIVE COMPLETE,S,9929577,0,2,1,0,0
非公開日誌,EXHAUST,12,PERFECT,S,10000000,0,1,1,0,1
Mother Ship (C-YA MIX),EXHAUST,15,EXCESSIVE COMPLETE,S,9985781,0,3,3,0,0
Raptate,EXHAUST,12,PLAYED,S,9981250,0,1,0,0,0
仇返しシンドローム,EXHAUST,15,EXCESSIVE COMPLETE,S,9975165,0,3,3,0,0
孤独の番人,EXHAUST,16,ULTIMATE CHAIN,S,9993006,0,18,12,2,0
孤独の番人,HEAVENLY,18,EXCESSIVE COMPLETE,S,9984472,0,4,4,0,0
ルービックキューブ,EXHAUST,15,EXCESSIVE COMPLETE,S,9985250,0,4,4,0,0
Strawberry Crisis,EXHAUST,16,ULTIMATE CHAIN,S,9997004,0,3,2,1,0
Wheel,EXHAUST,16,ULTIMATE CHAIN,S,9996644,0,14,12,5,0
Wheel,HEAVENLY,17,ULTIMATE CHAIN,S,9994196,0,4,4,1,0
The world of sound,EXHAUST,17,EXCESSIVE COMPLETE,S,9934938,0,26,24,0,0
ずっとそばにいさせてよね！,EXHAUST,15,EXCESSIVE COMPLETE,S,9992509,0,5,3,0,0
超恋愛☆エクストリーム・ガール,EXHAUST,15,PERFECT,S,10000000,0,5,5,3,1
Life is Beautiful,EXHAUST,13,EXCESSIVE COMPLETE,AAA+,9856203,0,1,1,0,0
Earthquake Super Shock - SDVX Edit. -,EXHAUST,15,ULTIMATE CHAIN,S,9996376,0,3,3,1,0
一途な片思い、実らせたい小さな幸せ。,EXHAUST,12,COMPLETE,S,9982788,0,1,1,0,0
過食性:アイドル症候群,EXHAUST,16,ULTIMATE CHAIN,S,9989973,0,13,8,2,0
過食性:アイドル症候群,INFINITE,17,ULTIMATE CHAIN,S,9997652,0,30,28,1,0
ケッペキショウ,EXHAUST,15,PERFECT,S,10000000,0,6,6,2,1
金縛りの逢を,EXHAUST,17,EXCESSIVE COMPLETE,S,9959977,0,47,25,0,0
金縛りの逢を,HEAVENLY,18,EXCESSIVE COMPLETE,S,9979367,7052,3,3,0,0
センチメント,EXHAUST,10,PERFECT,S,10000000,0,1,1,0,1
Disagree Feelings,EXHAUST,15,ULTIMATE CHAIN,S,9979524,0,7,7,1,0
MANDARA,EXHAUST,15,PERFECT,S,10000000,0,15,15,4,1
ナツノメイロ,EXHAUST,14,EXCESSIVE COMPLETE,S,9945054,0,1,1,0,0
泡沫、哀のまほろば,EXHAUST,13,COMPLETE,AA+,9589350,0,1,1,0,0
究極焼肉レストラン！お燐の地獄亭！,ADVANCED,10,PERFECT,S,10000000,0,1,1,0,1
究極焼肉レストラン！お燐の地獄亭！,EXHAUST,13,COMPLETE,S,9957466,0,2,1,0,0
Silent Story,EXHAUST,11,PERFECT,S,10000000,0,1,1,0,1
DesireDrive,EXHAUST,13,PERFECT,S,10000000,0,1,1,0,1
ナイト・オブ・ナイツ,ADVANCED,11,COMPLETE,AA+,9552896,0,1,1,0,0
ナイト・オブ・ナイツ,EXHAUST,15,PERFECT,S,10000000,0,15,14,6,1
ナイト・オブ・ナイツ,INFINITE,17,EXCESSIVE COMPLETE,S,9956976,0,16,13,0,0
-Rayrain-,EXHAUST,12,PERFECT,S,10000000,0,2,2,0,2
色は匂へど散りぬるを,EXHAUST,12,PERFECT,S,10000000,0,3,3,0,1
ケロ⑨destiny,EXHAUST,15,ULTIMATE CHAIN,S,9996438,0,6,6,3,0
Help me， ERINNNNNN!!,EXHAUST,13,EXCESSIVE COMPLETE,S,9983142,0,4,3,0,0
魔理沙は大変なものを盗んでいきました,EXHAUST,13,ULTIMATE CHAIN,S,9983416,0,1,1,1,0
魔理沙は大変なものを盗んでいきました,GRAVITY,18,EXCESSIVE COMPLETE,S,9917421,0,9,9,0,0
物凄い勢いでけーねが物凄いうた,EXHAUST,15,PERFECT,S,10000000,0,11,8,4,1
Rot in hell！！,EXHAUST,13,EXCESSIVE COMPLETE,S,9943235,0,2,2,0,0
croiX,EXHAUST,16,EXCESSIVE COMPLETE,S,9973386,0,19,17,0,0
croiX,INFINITE,18,EXCESSIVE COMPLETE,S,9976830,0,61,61,0,0
Gott,EXHAUST,16,PERFECT,S,10000000,0,41,39,3,1
Gott,INFINITE,17,EXCESSIVE COMPLETE,S,9982170,0,35,35,0,0
Dynasty,EXHAUST,16,EXCESSIVE COMPLETE,S,9979395,0,21,16,0,0
Dynasty,INFINITE,17,ULTIMATE CHAIN,S,9973190,0,34,33,1,0
PANIC HOLIC,EXHAUST,16,ULTIMATE CHAIN,S,9994272,0,41,31,4,0
PANIC HOLIC,GRAVITY,18,ULTIMATE CHAIN,S,9994640,5649,47,43,2,0
Max Burning!!,EXHAUST,17,EXCESSIVE COMPLETE,S,9992283,0,82,65,0,0
Max Burning!!,INFINITE,18,EXCESSIVE COMPLETE,S,9967797,0,72,56,0,0
Absurd Gaff,ADVANCED,12,EXCESSIVE COMPLETE,AAA,9787111,0,2,2,0,0
Absurd Gaff,EXHAUST,16,ULTIMATE CHAIN,S,9987961,0,24,18,2,0
Absurd Gaff,GRAVITY,18,EXCESSIVE COMPLETE,S,9948453,0,35,35,0,0
EGG,EXHAUST,14,PERFECT,S,10000000,0,5,3,0,2
EGG,GRAVITY,17,ULTIMATE CHAIN,S,9994301,0,31,31,4,0
éclair au chocolat,EXHAUST,13,ULTIMATE CHAIN,S,9984411,0,3,1,1,0
éclair au chocolat,GRAVITY,17,ULTIMATE CHAIN,S,9977077,0,9,9,1,0
大宇宙ステージ,ADVANCED,11,PERFECT,S,10000000,0,1,1,0,1
大宇宙ステージ,EXHAUST,17,PERFECT,S,10000000,0,77,60,15,1
大宇宙ステージ,GRAVITY,19,EXCESSIVE COMPLETE,AAA+,9878903,0,30,29,0,0
TRIGGER★HAPPY,EXHAUST,14,PERFECT,S,10000000,0,13,7,1,1
TRIGGER★HAPPY,GRAVITY,16,EXCESSIVE COMPLETE,S,9979203,0,18,18,0,0
VISION,EXHAUST,13,ULTIMATE CHAIN,S,9979270,0,4,2,2,0
VISION,GRAVITY,16,PERFECT,S,10000000,0,4,4,1,1
カミサマネジマキ,EXHAUST,15,ULTIMATE CHAIN,S,9990000,0,14,8,4,0
カミサマネジマキ,GRAVITY,17,ULTIMATE CHAIN,S,9992758,0,18,18,2,0
チェックメイト,EXHAUST,12,PERFECT,S,10000000,0,4,4,1,1
地球最後の告白を,EXHAUST,12,EXCESSIVE COMPLETE,AAA+,9881443,0,4,4,0,0
ノイジーラバーソウル,EXHAUST,15,EXCESSIVE COMPLETE,S,9908256,0,4,4,0,0
V.I.P.,EXHAUST,17,ULTIMATE CHAIN,S,9976446,0,25,22,1,0
エスケープ・フロム・ディストピア,EXHAUST,15,EXCESSIVE COMPLETE,S,9977973,0,4,3,0,0
腐れ外道とチョコレゐト,EXHAUST,14,PERFECT,S,10000000,0,9,8,2,1
腐れ外道とチョコレゐト,HEAVENLY,18,EXCESSIVE COMPLETE,S,9964239,4548,3,3,0,0
十面相,EXHAUST,13,PERFECT,S,10000000,0,4,4,1,1
人生リセットボタン,EXHAUST,15,PERFECT,S,10000000,0,13,12,0,2
人生リセットボタン,VIVID,17,EXCESSIVE COMPLETE,S,9991217,0,7,6,0,0
ルートスフィア,EXHAUST,11,PERFECT,S,10000000,0,7,7,2,1
AA BlackY mix,ADVANCED,12,COMPLETE,AAA,9701897,0,1,1,0,0
AA BlackY mix,EXHAUST,16,ULTIMATE CHAIN,S,9993150,0,21,16,1,0
AA BlackY mix,INFINITE,17,ULTIMATE CHAIN,S,9958033,0,22,22,1,0
Tomorrow Perfume (tpz Despair Remix),EXHAUST,13,EXCESSIVE COMPLETE,AAA+,9894050,0,1,1,0,0
pandora (Maozon Remix),EXHAUST,13,EXCESSIVE COMPLETE,S,9965301,0,1,1,0,0
Freeway Shuffle -More2 HAPPY Re-Mix-,EXHAUST,15,EXCESSIVE COMPLETE,S,9950331,0,2,2,0,0
Tomorrow Perfume (C-Show Remix),EXHAUST,16,EXCESSIVE COMPLETE,S,9988679,0,14,10,0,0
Blue Rain Dustboxxxx RMX,EXHAUST,14,ULTIMATE CHAIN,S,9996915,0,2,2,1,0
Ray,EXHAUST,12,ULTIMATE CHAIN,S,9995678,0,3,3,2,0
rainbow flyer -gratitude remix-,EXHAUST,16,EXCESSIVE COMPLETE,AAA+,9894011,0,3,2,0,0
明星ロケット,EXHAUST,13,PERFECT,S,10000000,0,5,5,0,1
幻想のサテライト,ADVANCED,11,COMPLETE,AA,9443920,0,1,1,0,0
幻想のサテライト,EXHAUST,16,EXCESSIVE COMPLETE,S,9976717,0,12,9,0,0
月に叢雲華に風,EXHAUST,13,COMPLETE,S,9987416,0,4,1,0,0
月に叢雲華に風,INFINITE,15,COMPLETE,S,9965616,0,2,2,0,0
Runway Drive,EXHAUST,11,PERFECT,S,10000000,0,3,3,0,2
Grip & Break down !! - SDVX Edit. -,ADVANCED,10,COMPLETE,AA+,9673913,0,1,1,0,0
Grip & Break down !! - SDVX Edit. -,EXHAUST,15,EXCESSIVE COMPLETE,S,9992248,0,9,5,0,0
taboo tears you up 2008,ADVANCED,10,COMPLETE,AA,9499374,0,1,1,0,0
taboo tears you up 2008,EXHAUST,15,PERFECT,S,10000000,0,6,6,0,1
チルノのパーフェクトさんすう教室,ADVANCED,10,COMPLETE,AA+,9603429,0,1,1,0,0
チルノのパーフェクトさんすう教室,EXHAUST,13,ULTIMATE CHAIN,S,9983291,0,4,4,1,0
チルノのパーフェクトさんすう教室,INFINITE,16,ULTIMATE CHAIN,S,9997069,0,8,8,2,0
Bad Apple!! feat. nomico,EXHAUST,12,PERFECT,S,10000000,0,4,3,0,1
Bad Apple!! feat. nomico,INFINITE,16,EXCESSIVE COMPLETE,S,9982381,0,8,7,0,0
再教育,ADVANCED,7,ULTIMATE CHAIN,S,9979209,0,1,1,1,0
再教育,EXHAUST,9,PERFECT,S,10000000,0,5,5,0,3
dreamin' feat.Ryu☆,EXHAUST,13,COMPLETE,AA+,9632525,0,1,1,0,0
ハートブレイク・ヘッドライン,EXHAUST,11,PERFECT,S,10000000,0,4,4,1,1
Black Board,EXHAUST,12,COMPLETE,AA,9450171,0,1,1,0,0
ポーカーフェイス,EXHAUST,12,PERFECT,S,10000000,0,8,8,3,2
イカサマライフゲイム,ADVANCED,10,COMPLETE,AAA,9703663,0,1,1,0,0
イカサマライフゲイム,EXHAUST,14,PERFECT,S,10000000,0,13,9,3,1
イカサマライフゲイム,HEAVENLY,17,PERFECT,S,10000000,0,9,9,2,1
セツナトリップ,ADVANCED,10,COMPLETE,A,8887500,0,1,1,0,0
セツナトリップ,EXHAUST,15,ULTIMATE CHAIN,S,9995583,0,22,18,10,0
セツナトリップ,HEAVENLY,17,EXCESSIVE COMPLETE,S,9967414,0,6,6,0,0
恋愛勇者,EXHAUST,12,PERFECT,S,10000000,0,4,4,0,1
六兆年と一夜物語,ADVANCED,10,COMPLETE,AA,9369063,0,1,1,0,0
六兆年と一夜物語,EXHAUST,14,PERFECT,S,10000000,0,10,9,3,3
六兆年と一夜物語,INFINITE,16,ULTIMATE CHAIN,S,9996865,0,5,5,2,0
炉心融解,EXHAUST,11,PERFECT,S,10000000,0,2,2,0,1
炉心融解,INFINITE,13,PERFECT,S,10000000,0,2,2,0,1
Ganymede kamome mix,ADVANCED,11,COMPLETE,A+,9140909,0,1,1,0,0
Ganymede kamome mix,EXHAUST,17,EXCESSIVE COMPLETE,AAA+,9879822,5283,78,50,0,0
Ganymede kamome mix,INFINITE,19,EXCESSIVE COMPLETE,S,9923448,0,59,53,0,0
GAMBOL (dfk SLC rmx),EXHAUST,13,EXCESSIVE COMPLETE,AAA+,9853574,0,1,1,0,0
GAMBOL (dfk SLC rmx),INFINITE,16,EXCESSIVE COMPLETE,S,9994861,0,22,18,0,0
SEED (DJ Noriken Remix),EXHAUST,14,PERFECT,S,10000000,0,5,5,1,1
Distorted Floor,EXHAUST,15,ULTIMATE CHAIN,S,9996605,0,11,8,3,0
Distorted Floor,INFINITE,17,ULTIMATE CHAIN,S,9992299,5804,25,25,1,0
Fire Strike,EXHAUST,13,ULTIMATE CHAIN,S,9995884,0,1,1,1,0
freaky freak,ADVANCED,12,ULTIMATE CHAIN,S,9916452,0,1,1,1,0
freaky freak,EXHAUST,15,PERFECT,S,10000000,0,30,28,16,1
freaky freak,GRAVITY,17,ULTIMATE CHAIN,S,9975558,0,32,32,7,0
World Vertex,EXHAUST,14,PERFECT,S,10000000,0,2,2,1,1
World Vertex,GRAVITY,16,EXCESSIVE COMPLETE,S,9964589,0,4,4,0,0
天ノ弱,EXHAUST,13,ULTIMATE CHAIN,S,9992000,0,8,5,1,0
天ノ弱,INFINITE,17,ULTIMATE CHAIN,S,9997025,0,32,32,1,0
Ignited Night burst,EXHAUST,14,ULTIMATE CHAIN,S,9990834,0,7,7,5,0
Onigo,EXHAUST,16,ULTIMATE CHAIN,S,9991563,0,27,15,1,0
Onigo,HEAVENLY,18,EXCESSIVE COMPLETE,AAA+,9866461,0,3,3,0,0
caramel ribbon,EXHAUST,13,ULTIMATE CHAIN,S,9995247,0,4,3,3,0
caramel ribbon,INFINITE,16,EXCESSIVE COMPLETE,S,9929775,0,4,4,0,0
君にエールを・・・！ （DJ UTO REMIX）,EXHAUST,14,PERFECT,S,10000000,3938,5,5,1,2
サヨナラ・ヘヴン （かめりあ's NEKOMATAelectroRMX）,EXHAUST,12,ULTIMATE CHAIN,S,9980217,0,4,4,1,0
サヨナラ・ヘヴン （かめりあ's NEKOMATAelectroRMX）,HEAVENLY,17,EXCESSIVE COMPLETE,S,9949698,0,2,2,0,0
Space Diver Tama,EXHAUST,15,PERFECT,S,10000000,0,2,2,0,1
SOUL EXPLOSION,EXHAUST,13,EXCESSIVE COMPLETE,AAA+,9874608,0,1,1,0,0
.59 -BOOTH BOOST REMIX-,EXHAUST,13,ULTIMATE CHAIN,S,9983351,0,4,3,1,0
.59 -BOOTH BOOST REMIX-,HEAVENLY,17,EXCESSIVE COMPLETE,S,9984114,0,2,2,0,0
Nyan Cat,EXHAUST,13,EXCESSIVE COMPLETE,AAA+,9864559,0,1,1,0,0
Nyan Cat,INFINITE,16,EXCESSIVE COMPLETE,S,9980544,0,8,8,0,0
香港功夫大旋風,EXHAUST,16,ULTIMATE CHAIN,S,9972918,0,22,21,1,0
香港功夫大旋風,GRAVITY,17,EXCESSIVE COMPLETE,S,9978123,0,16,15,0,0
レトロスペクティビリー・メリーゴーランド,EXHAUST,12,PERFECT,S,10000000,0,2,2,1,1
恋する☆宇宙戦争っ！！ あばばばみっくす,EXHAUST,15,EXCESSIVE COMPLETE,S,9989878,0,11,8,0,0
恋する☆宇宙戦争っ！！ あばばばみっくす,INFINITE,15,EXCESSIVE COMPLETE,S,9955782,0,1,1,0,0
突撃!ガラスのニーソ姫! D.watt nu-denpa RMX,ADVANCED,10,COMPLETE,AA+,9558457,0,1,1,0,0
突撃!ガラスのニーソ姫! D.watt nu-denpa RMX,EXHAUST,15,ULTIMATE CHAIN,S,9988281,0,7,7,1,0
春色ポートレート,EXHAUST,7,PERFECT,S,10000000,0,1,1,0,1
cloud,ADVANCED,8,COMPLETE,AA+,9521912,0,1,1,0,0
cloud,EXHAUST,12,ULTIMATE CHAIN,S,9994117,0,2,2,2,0
世界はネコのもの,EXHAUST,12,EXCESSIVE COMPLETE,S,9907563,0,1,1,0,0
TYCOON,EXHAUST,15,PERFECT,S,10000000,0,19,12,6,2
TYCOON,INFINITE,17,ULTIMATE CHAIN,S,9994640,0,11,11,1,0
neu BSP style,ADVANCED,9,ULTIMATE CHAIN,S,9992447,0,1,1,1,0
neu BSP style,EXHAUST,16,ULTIMATE CHAIN,S,9991023,0,6,6,2,0
wound,EXHAUST,11,PERFECT,S,10000000,0,2,2,0,1
不思議玩具ガンガラディンドン,EXHAUST,14,ULTIMATE CHAIN,S,9975728,0,4,4,1,0
FLOWER REDALiCE Remix,ADVANCED,11,COMPLETE,AA,9308681,0,1,1,0,0
FLOWER REDALiCE Remix,EXHAUST,16,EXCESSIVE COMPLETE,S,9985067,0,21,12,0,0
FLOWER REDALiCE Remix,INFINITE,18,EXCESSIVE COMPLETE,S,9973509,0,34,32,0,0
ヤサイマシ☆ニンニクアブラオオメ,INFINITE,16,PERFECT,S,10000000,0,3,3,0,1
U&M,EXHAUST,8,PERFECT,S,10000000,0,2,2,1,1
サイコパスコミュニケーション,EXHAUST,10,PERFECT,S,10000000,0,4,4,1,1
Xepher Light and Darkness Dragon REMIX,ADVANCED,9,PLAYED,A,8798405,0,1,0,0,0
Xepher Light and Darkness Dragon REMIX,EXHAUST,16,ULTIMATE CHAIN,S,9991401,0,19,15,2,0
Xepher Light and Darkness Dragon REMIX,GRAVITY,18,ULTIMATE CHAIN,S,9949928,0,20,19,1,0
遠く Dexholic Mix,EXHAUST,11,PERFECT,S,10000000,0,2,2,0,1
冥 Rockin' SWING REMIX,EXHAUST,16,EXCESSIVE COMPLETE,S,9978581,0,19,8,0,0
冥 Rockin' SWING REMIX,INFINITE,18,ULTIMATE CHAIN,S,9988228,8653,28,26,1,0
RED ZONE NeoClassical Party Remix,EXHAUST,14,PERFECT,S,10000000,0,1,1,0,1
ALBIDA Powerless Mix,ADVANCED,10,COMPLETE,A+,9285714,0,2,2,0,0
ALBIDA Powerless Mix,EXHAUST,13,ULTIMATE CHAIN,S,9946445,0,4,2,1,0
ALBIDA Powerless Mix,INFINITE,17,ULTIMATE CHAIN,S,9989612,0,16,16,1,0
It's over,EXHAUST,12,PERFECT,S,10000000,0,8,8,2,1
Iterator,EXHAUST,10,PERFECT,S,10000000,2763,8,8,1,4
Evans VolteX Pf arrange,NOVICE,5,PLAYED,C,6991935,0,1,0,0,0
Evans VolteX Pf arrange,ADVANCED,9,COMPLETE,A+,9206534,0,2,1,0,0
Evans VolteX Pf arrange,EXHAUST,15,EXCESSIVE COMPLETE,S,9970930,0,5,5,0,0
ガッテンだ!! Novoiski Remix,EXHAUST,11,PERFECT,S,10000000,0,2,2,1,1
good high school,EXHAUST,8,PERFECT,S,10000000,0,3,3,0,1
good high school,INFINITE,17,EXCESSIVE COMPLETE,S,9969951,4255,57,50,0,0
「月風魔伝」龍骨鬼戦 yks Remix,INFINITE,16,EXCESSIVE COMPLETE,S,9988738,0,28,23,0,0
ごりらがいるんだ,EXHAUST,12,ULTIMATE CHAIN,S,9994877,0,2,2,1,0
ごりらがいるんだ ～かぼちゃが歌ってみたver～,INFINITE,15,COMPLETE,S,9983402,0,1,1,0,0
jet coaster☆girl sasakure.UK tRiCkStAr Remix,EXHAUST,9,PERFECT,S,10000000,0,2,2,1,1
dilemma,EXHAUST,10,PERFECT,S,10000000,0,1,1,0,1
SurVALI,EXHAUST,11,PERFECT,S,10000000,0,3,2,1,1
smooooch・∀・ KN mix,ADVANCED,8,COMPLETE,A+,9219314,0,2,2,0,0
smooooch・∀・ KN mix,EXHAUST,13,COMPLETE,A+,9269547,0,1,1,0,0
とある少年の一日,ADVANCED,7,COMPLETE,A+,9145683,0,1,1,0,0
とある少年の一日,EXHAUST,12,COMPLETE,AA,9468864,0,1,1,0,0
ナナイロ,EXHAUST,10,PERFECT,S,10000000,0,3,3,0,1
西日暮里の踊り,EXHAUST,12,EXCESSIVE COMPLETE,S,9980657,0,1,1,0,0
西日暮里の踊り,INFINITE,16,PERFECT,S,10000000,0,11,10,1,1
Ha･lle･lu･jah,EXHAUST,13,EXCESSIVE COMPLETE,AAA+,9877675,0,1,1,0,0
Ha･lle･lu･jah,INFINITE,15,EXCESSIVE COMPLETE,S,9960664,0,2,2,0,0
バタフライキャット,ADVANCED,8,COMPLETE,B,8337182,0,1,1,0,0
バタフライキャット,EXHAUST,13,PERFECT,S,10000000,0,5,5,1,1
バタフライキャット,INFINITE,15,EXCESSIVE COMPLETE,S,9917479,0,2,2,0,0
PULSE LASER,EXHAUST,12,PERFECT,S,10000000,3286,7,7,1,2
PULSE LASER,INFINITE,16,ULTIMATE CHAIN,S,9992846,0,2,2,1,0
ヒマワリ MUZIK SERVANT Remix,EXHAUST,10,PERFECT,S,10000000,0,3,3,1,1
ふしぎなくすり いっきのみっくす,EXHAUST,11,PERFECT,S,10000000,0,3,2,0,1
Broken 8cmix,ADVANCED,10,COMPLETE,B,8593925,0,2,2,0,0
Broken 8cmix,EXHAUST,14,PERFECT,S,10000000,0,5,5,0,1
Broken 8cmix,HEAVENLY,18,EXCESSIVE COMPLETE,S,9917660,5041,3,2,0,0
MAX 300 takamatt MIN REMIX,EXHAUST,13,PERFECT,S,10000000,0,4,4,1,1
Love♡sicK,EXHAUST,11,EXCESSIVE COMPLETE,S,9983642,0,1,1,0,0
Rebellious stage,EXHAUST,10,PERFECT,S,10000000,0,1,1,0,1
凛として咲く花の如く スプーキィテルミィンミックス,ADVANCED,6,COMPLETE,A+,9044548,0,1,1,0,0
凛として咲く花の如く スプーキィテルミィンミックス,EXHAUST,11,PERFECT,S,10000000,0,5,5,1,1
凛として咲く花の如く スプーキィテルミィンミックス,INFINITE,15,ULTIMATE CHAIN,S,9996473,0,7,7,6,0
        